date_id,full_date,day_name,is_weekend,is_holiday,month_name,month_number,quarter,year,fiscal_year
1,2023-01-01,Sunday,True,True,January,1,Q1,2023,FY2023
2,2023-01-02,Monday,False,False,January,1,Q1,2023,FY2023
3,2023-01-03,Tuesday,False,False,January,1,Q1,2023,FY2023
4,2023-01-04,Wednesday,False,False,January,1,Q1,2023,FY2023
5,2023-01-05,Thursday,False,False,January,1,Q1,2023,FY2023
6,2023-01-06,Friday,False,False,January,1,Q1,2023,FY2023
7,2023-01-07,Saturday,True,False,January,1,Q1,2023,FY2023
8,2023-01-08,Sunday,True,False,January,1,Q1,2023,FY2023
9,2023-01-09,Monday,False,False,January,1,Q1,2023,FY2023
10,2023-01-10,Tuesday,False,False,January,1,Q1,2023,FY2023
11,2023-01-11,Wednesday,False,False,January,1,Q1,2023,FY2023
12,2023-01-12,Thursday,False,False,January,1,Q1,2023,FY2023
13,2023-01-13,Friday,False,False,January,1,Q1,2023,FY2023
14,2023-01-14,Saturday,True,False,January,1,Q1,2023,FY2023
15,2023-01-15,Sunday,True,False,January,1,Q1,2023,FY2023
16,2023-01-16,Monday,False,False,January,1,Q1,2023,FY2023
17,2023-01-17,Tuesday,False,False,January,1,Q1,2023,FY2023
18,2023-01-18,Wednesday,False,False,January,1,Q1,2023,FY2023
19,2023-01-19,Thursday,False,False,January,1,Q1,2023,FY2023
20,2023-01-20,Friday,False,False,January,1,Q1,2023,FY2023
21,2023-01-21,Saturday,True,False,January,1,Q1,2023,FY2023
22,2023-01-22,Sunday,True,False,January,1,Q1,2023,FY2023
23,2023-01-23,Monday,False,False,January,1,Q1,2023,FY2023
24,2023-01-24,Tuesday,False,False,January,1,Q1,2023,FY2023
25,2023-01-25,Wednesday,False,False,January,1,Q1,2023,FY2023
26,2023-01-26,Thursday,False,False,January,1,Q1,2023,FY2023
27,2023-01-27,Friday,False,False,January,1,Q1,2023,FY2023
28,2023-01-28,Saturday,True,False,January,1,Q1,2023,FY2023
29,2023-01-29,Sunday,True,False,January,1,Q1,2023,FY2023
30,2023-01-30,Monday,False,False,January,1,Q1,2023,FY2023
31,2023-01-31,Tuesday,False,False,January,1,Q1,2023,FY2023
32,2023-02-01,Wednesday,False,False,February,2,Q1,2023,FY2023
33,2023-02-02,Thursday,False,False,February,2,Q1,2023,FY2023
34,2023-02-03,Friday,False,False,February,2,Q1,2023,FY2023
35,2023-02-04,Saturday,True,False,February,2,Q1,2023,FY2023
36,2023-02-05,Sunday,True,False,February,2,Q1,2023,FY2023
37,2023-02-06,Monday,False,False,February,2,Q1,2023,FY2023
38,2023-02-07,Tuesday,False,False,February,2,Q1,2023,FY2023
39,2023-02-08,Wednesday,False,False,February,2,Q1,2023,FY2023
40,2023-02-09,Thursday,False,False,February,2,Q1,2023,FY2023
41,2023-02-10,Friday,False,False,February,2,Q1,2023,FY2023
42,2023-02-11,Saturday,True,False,February,2,Q1,2023,FY2023
43,2023-02-12,Sunday,True,False,February,2,Q1,2023,FY2023
44,2023-02-13,Monday,False,False,February,2,Q1,2023,FY2023
45,2023-02-14,Tuesday,False,False,February,2,Q1,2023,FY2023
46,2023-02-15,Wednesday,False,False,February,2,Q1,2023,FY2023
47,2023-02-16,Thursday,False,False,February,2,Q1,2023,FY2023
48,2023-02-17,Friday,False,False,February,2,Q1,2023,FY2023
49,2023-02-18,Saturday,True,False,February,2,Q1,2023,FY2023
50,2023-02-19,Sunday,True,False,February,2,Q1,2023,FY2023
51,2023-02-20,Monday,False,False,February,2,Q1,2023,FY2023
52,2023-02-21,Tuesday,False,False,February,2,Q1,2023,FY2023
53,2023-02-22,Wednesday,False,False,February,2,Q1,2023,FY2023
54,2023-02-23,Thursday,False,False,February,2,Q1,2023,FY2023
55,2023-02-24,Friday,False,False,February,2,Q1,2023,FY2023
56,2023-02-25,Saturday,True,False,February,2,Q1,2023,FY2023
57,2023-02-26,Sunday,True,False,February,2,Q1,2023,FY2023
58,2023-02-27,Monday,False,False,February,2,Q1,2023,FY2023
59,2023-02-28,Tuesday,False,False,February,2,Q1,2023,FY2023
60,2023-03-01,Wednesday,False,False,March,3,Q1,2023,FY2023
61,2023-03-02,Thursday,False,False,March,3,Q1,2023,FY2023
62,2023-03-03,Friday,False,False,March,3,Q1,2023,FY2023
63,2023-03-04,Saturday,True,False,March,3,Q1,2023,FY2023
64,2023-03-05,Sunday,True,False,March,3,Q1,2023,FY2023
65,2023-03-06,Monday,False,False,March,3,Q1,2023,FY2023
66,2023-03-07,Tuesday,False,False,March,3,Q1,2023,FY2023
67,2023-03-08,Wednesday,False,False,March,3,Q1,2023,FY2023
68,2023-03-09,Thursday,False,False,March,3,Q1,2023,FY2023
69,2023-03-10,Friday,False,False,March,3,Q1,2023,FY2023
70,2023-03-11,Saturday,True,False,March,3,Q1,2023,FY2023
71,2023-03-12,Sunday,True,False,March,3,Q1,2023,FY2023
72,2023-03-13,Monday,False,False,March,3,Q1,2023,FY2023
73,2023-03-14,Tuesday,False,False,March,3,Q1,2023,FY2023
74,2023-03-15,Wednesday,False,False,March,3,Q1,2023,FY2023
75,2023-03-16,Thursday,False,False,March,3,Q1,2023,FY2023
76,2023-03-17,Friday,False,False,March,3,Q1,2023,FY2023
77,2023-03-18,Saturday,True,False,March,3,Q1,2023,FY2023
78,2023-03-19,Sunday,True,False,March,3,Q1,2023,FY2023
79,2023-03-20,Monday,False,False,March,3,Q1,2023,FY2023
80,2023-03-21,Tuesday,False,False,March,3,Q1,2023,FY2023
81,2023-03-22,Wednesday,False,False,March,3,Q1,2023,FY2023
82,2023-03-23,Thursday,False,False,March,3,Q1,2023,FY2023
83,2023-03-24,Friday,False,False,March,3,Q1,2023,FY2023
84,2023-03-25,Saturday,True,False,March,3,Q1,2023,FY2023
85,2023-03-26,Sunday,True,False,March,3,Q1,2023,FY2023
86,2023-03-27,Monday,False,False,March,3,Q1,2023,FY2023
87,2023-03-28,Tuesday,False,False,March,3,Q1,2023,FY2023
88,2023-03-29,Wednesday,False,False,March,3,Q1,2023,FY2023
89,2023-03-30,Thursday,False,False,March,3,Q1,2023,FY2023
90,2023-03-31,Friday,False,False,March,3,Q1,2023,FY2023
91,2023-04-01,Saturday,True,False,April,4,Q2,2023,FY2023
92,2023-04-02,Sunday,True,False,April,4,Q2,2023,FY2023
93,2023-04-03,Monday,False,False,April,4,Q2,2023,FY2023
94,2023-04-04,Tuesday,False,False,April,4,Q2,2023,FY2023
95,2023-04-05,Wednesday,False,False,April,4,Q2,2023,FY2023
96,2023-04-06,Thursday,False,False,April,4,Q2,2023,FY2023
97,2023-04-07,Friday,False,False,April,4,Q2,2023,FY2023
98,2023-04-08,Saturday,True,False,April,4,Q2,2023,FY2023
99,2023-04-09,Sunday,True,False,April,4,Q2,2023,FY2023
100,2023-04-10,Monday,False,False,April,4,Q2,2023,FY2023
101,2023-04-11,Tuesday,False,False,April,4,Q2,2023,FY2023
102,2023-04-12,Wednesday,False,False,April,4,Q2,2023,FY2023
103,2023-04-13,Thursday,False,False,April,4,Q2,2023,FY2023
104,2023-04-14,Friday,False,False,April,4,Q2,2023,FY2023
105,2023-04-15,Saturday,True,False,April,4,Q2,2023,FY2023
106,2023-04-16,Sunday,True,False,April,4,Q2,2023,FY2023
107,2023-04-17,Monday,False,False,April,4,Q2,2023,FY2023
108,2023-04-18,Tuesday,False,False,April,4,Q2,2023,FY2023
109,2023-04-19,Wednesday,False,False,April,4,Q2,2023,FY2023
110,2023-04-20,Thursday,False,False,April,4,Q2,2023,FY2023
111,2023-04-21,Friday,False,False,April,4,Q2,2023,FY2023
112,2023-04-22,Saturday,True,False,April,4,Q2,2023,FY2023
113,2023-04-23,Sunday,True,False,April,4,Q2,2023,FY2023
114,2023-04-24,Monday,False,False,April,4,Q2,2023,FY2023
115,2023-04-25,Tuesday,False,False,April,4,Q2,2023,FY2023
116,2023-04-26,Wednesday,False,False,April,4,Q2,2023,FY2023
117,2023-04-27,Thursday,False,False,April,4,Q2,2023,FY2023
118,2023-04-28,Friday,False,False,April,4,Q2,2023,FY2023
119,2023-04-29,Saturday,True,False,April,4,Q2,2023,FY2023
120,2023-04-30,Sunday,True,False,April,4,Q2,2023,FY2023
121,2023-05-01,Monday,False,False,May,5,Q2,2023,FY2023
122,2023-05-02,Tuesday,False,False,May,5,Q2,2023,FY2023
123,2023-05-03,Wednesday,False,False,May,5,Q2,2023,FY2023
124,2023-05-04,Thursday,False,False,May,5,Q2,2023,FY2023
125,2023-05-05,Friday,False,False,May,5,Q2,2023,FY2023
126,2023-05-06,Saturday,True,False,May,5,Q2,2023,FY2023
127,2023-05-07,Sunday,True,False,May,5,Q2,2023,FY2023
128,2023-05-08,Monday,False,False,May,5,Q2,2023,FY2023
129,2023-05-09,Tuesday,False,False,May,5,Q2,2023,FY2023
130,2023-05-10,Wednesday,False,False,May,5,Q2,2023,FY2023
131,2023-05-11,Thursday,False,False,May,5,Q2,2023,FY2023
132,2023-05-12,Friday,False,False,May,5,Q2,2023,FY2023
133,2023-05-13,Saturday,True,False,May,5,Q2,2023,FY2023
134,2023-05-14,Sunday,True,False,May,5,Q2,2023,FY2023
135,2023-05-15,Monday,False,False,May,5,Q2,2023,FY2023
136,2023-05-16,Tuesday,False,False,May,5,Q2,2023,FY2023
137,2023-05-17,Wednesday,False,False,May,5,Q2,2023,FY2023
138,2023-05-18,Thursday,False,False,May,5,Q2,2023,FY2023
139,2023-05-19,Friday,False,False,May,5,Q2,2023,FY2023
140,2023-05-20,Saturday,True,False,May,5,Q2,2023,FY2023
141,2023-05-21,Sunday,True,False,May,5,Q2,2023,FY2023
142,2023-05-22,Monday,False,False,May,5,Q2,2023,FY2023
143,2023-05-23,Tuesday,False,False,May,5,Q2,2023,FY2023
144,2023-05-24,Wednesday,False,False,May,5,Q2,2023,FY2023
145,2023-05-25,Thursday,False,False,May,5,Q2,2023,FY2023
146,2023-05-26,Friday,False,False,May,5,Q2,2023,FY2023
147,2023-05-27,Saturday,True,False,May,5,Q2,2023,FY2023
148,2023-05-28,Sunday,True,False,May,5,Q2,2023,FY2023
149,2023-05-29,Monday,False,False,May,5,Q2,2023,FY2023
150,2023-05-30,Tuesday,False,False,May,5,Q2,2023,FY2023
151,2023-05-31,Wednesday,False,False,May,5,Q2,2023,FY2023
152,2023-06-01,Thursday,False,False,June,6,Q2,2023,FY2023
153,2023-06-02,Friday,False,False,June,6,Q2,2023,FY2023
154,2023-06-03,Saturday,True,False,June,6,Q2,2023,FY2023
155,2023-06-04,Sunday,True,False,June,6,Q2,2023,FY2023
156,2023-06-05,Monday,False,False,June,6,Q2,2023,FY2023
157,2023-06-06,Tuesday,False,False,June,6,Q2,2023,FY2023
158,2023-06-07,Wednesday,False,False,June,6,Q2,2023,FY2023
159,2023-06-08,Thursday,False,False,June,6,Q2,2023,FY2023
160,2023-06-09,Friday,False,False,June,6,Q2,2023,FY2023
161,2023-06-10,Saturday,True,False,June,6,Q2,2023,FY2023
162,2023-06-11,Sunday,True,False,June,6,Q2,2023,FY2023
163,2023-06-12,Monday,False,False,June,6,Q2,2023,FY2023
164,2023-06-13,Tuesday,False,False,June,6,Q2,2023,FY2023
165,2023-06-14,Wednesday,False,False,June,6,Q2,2023,FY2023
166,2023-06-15,Thursday,False,False,June,6,Q2,2023,FY2023
167,2023-06-16,Friday,False,False,June,6,Q2,2023,FY2023
168,2023-06-17,Saturday,True,False,June,6,Q2,2023,FY2023
169,2023-06-18,Sunday,True,False,June,6,Q2,2023,FY2023
170,2023-06-19,Monday,False,False,June,6,Q2,2023,FY2023
171,2023-06-20,Tuesday,False,False,June,6,Q2,2023,FY2023
172,2023-06-21,Wednesday,False,False,June,6,Q2,2023,FY2023
173,2023-06-22,Thursday,False,False,June,6,Q2,2023,FY2023
174,2023-06-23,Friday,False,False,June,6,Q2,2023,FY2023
175,2023-06-24,Saturday,True,False,June,6,Q2,2023,FY2023
176,2023-06-25,Sunday,True,False,June,6,Q2,2023,FY2023
177,2023-06-26,Monday,False,False,June,6,Q2,2023,FY2023
178,2023-06-27,Tuesday,False,False,June,6,Q2,2023,FY2023
179,2023-06-28,Wednesday,False,False,June,6,Q2,2023,FY2023
180,2023-06-29,Thursday,False,False,June,6,Q2,2023,FY2023
181,2023-06-30,Friday,False,False,June,6,Q2,2023,FY2023
182,2023-07-01,Saturday,True,False,July,7,Q3,2023,FY2023
183,2023-07-02,Sunday,True,False,July,7,Q3,2023,FY2023
184,2023-07-03,Monday,False,False,July,7,Q3,2023,FY2023
185,2023-07-04,Tuesday,False,False,July,7,Q3,2023,FY2023
186,2023-07-05,Wednesday,False,False,July,7,Q3,2023,FY2023
187,2023-07-06,Thursday,False,False,July,7,Q3,2023,FY2023
188,2023-07-07,Friday,False,False,July,7,Q3,2023,FY2023
189,2023-07-08,Saturday,True,False,July,7,Q3,2023,FY2023
190,2023-07-09,Sunday,True,False,July,7,Q3,2023,FY2023
191,2023-07-10,Monday,False,False,July,7,Q3,2023,FY2023
192,2023-07-11,Tuesday,False,False,July,7,Q3,2023,FY2023
193,2023-07-12,Wednesday,False,False,July,7,Q3,2023,FY2023
194,2023-07-13,Thursday,False,False,July,7,Q3,2023,FY2023
195,2023-07-14,Friday,False,False,July,7,Q3,2023,FY2023
196,2023-07-15,Saturday,True,False,July,7,Q3,2023,FY2023
197,2023-07-16,Sunday,True,False,July,7,Q3,2023,FY2023
198,2023-07-17,Monday,False,False,July,7,Q3,2023,FY2023
199,2023-07-18,Tuesday,False,False,July,7,Q3,2023,FY2023
200,2023-07-19,Wednesday,False,False,July,7,Q3,2023,FY2023
201,2023-07-20,Thursday,False,False,July,7,Q3,2023,FY2023
202,2023-07-21,Friday,False,False,July,7,Q3,2023,FY2023
203,2023-07-22,Saturday,True,False,July,7,Q3,2023,FY2023
204,2023-07-23,Sunday,True,False,July,7,Q3,2023,FY2023
205,2023-07-24,Monday,False,False,July,7,Q3,2023,FY2023
206,2023-07-25,Tuesday,False,False,July,7,Q3,2023,FY2023
207,2023-07-26,Wednesday,False,False,July,7,Q3,2023,FY2023
208,2023-07-27,Thursday,False,False,July,7,Q3,2023,FY2023
209,2023-07-28,Friday,False,False,July,7,Q3,2023,FY2023
210,2023-07-29,Saturday,True,False,July,7,Q3,2023,FY2023
211,2023-07-30,Sunday,True,False,July,7,Q3,2023,FY2023
212,2023-07-31,Monday,False,False,July,7,Q3,2023,FY2023
213,2023-08-01,Tuesday,False,False,August,8,Q3,2023,FY2023
214,2023-08-02,Wednesday,False,False,August,8,Q3,2023,FY2023
215,2023-08-03,Thursday,False,False,August,8,Q3,2023,FY2023
216,2023-08-04,Friday,False,False,August,8,Q3,2023,FY2023
217,2023-08-05,Saturday,True,False,August,8,Q3,2023,FY2023
218,2023-08-06,Sunday,True,False,August,8,Q3,2023,FY2023
219,2023-08-07,Monday,False,False,August,8,Q3,2023,FY2023
220,2023-08-08,Tuesday,False,False,August,8,Q3,2023,FY2023
221,2023-08-09,Wednesday,False,False,August,8,Q3,2023,FY2023
222,2023-08-10,Thursday,False,False,August,8,Q3,2023,FY2023
223,2023-08-11,Friday,False,False,August,8,Q3,2023,FY2023
224,2023-08-12,Saturday,True,False,August,8,Q3,2023,FY2023
225,2023-08-13,Sunday,True,False,August,8,Q3,2023,FY2023
226,2023-08-14,Monday,False,False,August,8,Q3,2023,FY2023
227,2023-08-15,Tuesday,False,False,August,8,Q3,2023,FY2023
228,2023-08-16,Wednesday,False,False,August,8,Q3,2023,FY2023
229,2023-08-17,Thursday,False,False,August,8,Q3,2023,FY2023
230,2023-08-18,Friday,False,False,August,8,Q3,2023,FY2023
231,2023-08-19,Saturday,True,False,August,8,Q3,2023,FY2023
232,2023-08-20,Sunday,True,False,August,8,Q3,2023,FY2023
233,2023-08-21,Monday,False,False,August,8,Q3,2023,FY2023
234,2023-08-22,Tuesday,False,False,August,8,Q3,2023,FY2023
235,2023-08-23,Wednesday,False,False,August,8,Q3,2023,FY2023
236,2023-08-24,Thursday,False,False,August,8,Q3,2023,FY2023
237,2023-08-25,Friday,False,False,August,8,Q3,2023,FY2023
238,2023-08-26,Saturday,True,False,August,8,Q3,2023,FY2023
239,2023-08-27,Sunday,True,False,August,8,Q3,2023,FY2023
240,2023-08-28,Monday,False,False,August,8,Q3,2023,FY2023
241,2023-08-29,Tuesday,False,False,August,8,Q3,2023,FY2023
242,2023-08-30,Wednesday,False,False,August,8,Q3,2023,FY2023
243,2023-08-31,Thursday,False,False,August,8,Q3,2023,FY2023
244,2023-09-01,Friday,False,False,September,9,Q3,2023,FY2023
245,2023-09-02,Saturday,True,False,September,9,Q3,2023,FY2023
246,2023-09-03,Sunday,True,False,September,9,Q3,2023,FY2023
247,2023-09-04,Monday,False,False,September,9,Q3,2023,FY2023
248,2023-09-05,Tuesday,False,False,September,9,Q3,2023,FY2023
249,2023-09-06,Wednesday,False,False,September,9,Q3,2023,FY2023
250,2023-09-07,Thursday,False,False,September,9,Q3,2023,FY2023
251,2023-09-08,Friday,False,False,September,9,Q3,2023,FY2023
252,2023-09-09,Saturday,True,False,September,9,Q3,2023,FY2023
253,2023-09-10,Sunday,True,False,September,9,Q3,2023,FY2023
254,2023-09-11,Monday,False,False,September,9,Q3,2023,FY2023
255,2023-09-12,Tuesday,False,False,September,9,Q3,2023,FY2023
256,2023-09-13,Wednesday,False,False,September,9,Q3,2023,FY2023
257,2023-09-14,Thursday,False,False,September,9,Q3,2023,FY2023
258,2023-09-15,Friday,False,False,September,9,Q3,2023,FY2023
259,2023-09-16,Saturday,True,False,September,9,Q3,2023,FY2023
260,2023-09-17,Sunday,True,False,September,9,Q3,2023,FY2023
261,2023-09-18,Monday,False,False,September,9,Q3,2023,FY2023
262,2023-09-19,Tuesday,False,False,September,9,Q3,2023,FY2023
263,2023-09-20,Wednesday,False,False,September,9,Q3,2023,FY2023
264,2023-09-21,Thursday,False,False,September,9,Q3,2023,FY2023
265,2023-09-22,Friday,False,False,September,9,Q3,2023,FY2023
266,2023-09-23,Saturday,True,False,September,9,Q3,2023,FY2023
267,2023-09-24,Sunday,True,False,September,9,Q3,2023,FY2023
268,2023-09-25,Monday,False,False,September,9,Q3,2023,FY2023
269,2023-09-26,Tuesday,False,False,September,9,Q3,2023,FY2023
270,2023-09-27,Wednesday,False,False,September,9,Q3,2023,FY2023
271,2023-09-28,Thursday,False,False,September,9,Q3,2023,FY2023
272,2023-09-29,Friday,False,False,September,9,Q3,2023,FY2023
273,2023-09-30,Saturday,True,False,September,9,Q3,2023,FY2023
274,2023-10-01,Sunday,True,False,October,10,Q4,2023,FY2023
275,2023-10-02,Monday,False,False,October,10,Q4,2023,FY2023
276,2023-10-03,Tuesday,False,True,October,10,Q4,2023,FY2023
277,2023-10-04,Wednesday,False,False,October,10,Q4,2023,FY2023
278,2023-10-05,Thursday,False,False,October,10,Q4,2023,FY2023
279,2023-10-06,Friday,False,False,October,10,Q4,2023,FY2023
280,2023-10-07,Saturday,True,False,October,10,Q4,2023,FY2023
281,2023-10-08,Sunday,True,False,October,10,Q4,2023,FY2023
282,2023-10-09,Monday,False,False,October,10,Q4,2023,FY2023
283,2023-10-10,Tuesday,False,False,October,10,Q4,2023,FY2023
284,2023-10-11,Wednesday,False,False,October,10,Q4,2023,FY2023
285,2023-10-12,Thursday,False,False,October,10,Q4,2023,FY2023
286,2023-10-13,Friday,False,False,October,10,Q4,2023,FY2023
287,2023-10-14,Saturday,True,False,October,10,Q4,2023,FY2023
288,2023-10-15,Sunday,True,False,October,10,Q4,2023,FY2023
289,2023-10-16,Monday,False,False,October,10,Q4,2023,FY2023
290,2023-10-17,Tuesday,False,False,October,10,Q4,2023,FY2023
291,2023-10-18,Wednesday,False,False,October,10,Q4,2023,FY2023
292,2023-10-19,Thursday,False,False,October,10,Q4,2023,FY2023
293,2023-10-20,Friday,False,False,October,10,Q4,2023,FY2023
294,2023-10-21,Saturday,True,False,October,10,Q4,2023,FY2023
295,2023-10-22,Sunday,True,False,October,10,Q4,2023,FY2023
296,2023-10-23,Monday,False,False,October,10,Q4,2023,FY2023
297,2023-10-24,Tuesday,False,False,October,10,Q4,2023,FY2023
298,2023-10-25,Wednesday,False,False,October,10,Q4,2023,FY2023
299,2023-10-26,Thursday,False,False,October,10,Q4,2023,FY2023
300,2023-10-27,Friday,False,False,October,10,Q4,2023,FY2023
301,2023-10-28,Saturday,True,False,October,10,Q4,2023,FY2023
302,2023-10-29,Sunday,True,False,October,10,Q4,2023,FY2023
303,2023-10-30,Monday,False,False,October,10,Q4,2023,FY2023
304,2023-10-31,Tuesday,False,False,October,10,Q4,2023,FY2023
305,2023-11-01,Wednesday,False,False,November,11,Q4,2023,FY2023
306,2023-11-02,Thursday,False,False,November,11,Q4,2023,FY2023
307,2023-11-03,Friday,False,False,November,11,Q4,2023,FY2023
308,2023-11-04,Saturday,True,False,November,11,Q4,2023,FY2023
309,2023-11-05,Sunday,True,False,November,11,Q4,2023,FY2023
310,2023-11-06,Monday,False,False,November,11,Q4,2023,FY2023
311,2023-11-07,Tuesday,False,False,November,11,Q4,2023,FY2023
312,2023-11-08,Wednesday,False,False,November,11,Q4,2023,FY2023
313,2023-11-09,Thursday,False,False,November,11,Q4,2023,FY2023
314,2023-11-10,Friday,False,False,November,11,Q4,2023,FY2023
315,2023-11-11,Saturday,True,False,November,11,Q4,2023,FY2023
316,2023-11-12,Sunday,True,False,November,11,Q4,2023,FY2023
317,2023-11-13,Monday,False,False,November,11,Q4,2023,FY2023
318,2023-11-14,Tuesday,False,False,November,11,Q4,2023,FY2023
319,2023-11-15,Wednesday,False,False,November,11,Q4,2023,FY2023
320,2023-11-16,Thursday,False,False,November,11,Q4,2023,FY2023
321,2023-11-17,Friday,False,False,November,11,Q4,2023,FY2023
322,2023-11-18,Saturday,True,False,November,11,Q4,2023,FY2023
323,2023-11-19,Sunday,True,False,November,11,Q4,2023,FY2023
324,2023-11-20,Monday,False,False,November,11,Q4,2023,FY2023
325,2023-11-21,Tuesday,False,False,November,11,Q4,2023,FY2023
326,2023-11-22,Wednesday,False,False,November,11,Q4,2023,FY2023
327,2023-11-23,Thursday,False,False,November,11,Q4,2023,FY2023
328,2023-11-24,Friday,False,False,November,11,Q4,2023,FY2023
329,2023-11-25,Saturday,True,False,November,11,Q4,2023,FY2023
330,2023-11-26,Sunday,True,False,November,11,Q4,2023,FY2023
331,2023-11-27,Monday,False,False,November,11,Q4,2023,FY2023
332,2023-11-28,Tuesday,False,False,November,11,Q4,2023,FY2023
333,2023-11-29,Wednesday,False,False,November,11,Q4,2023,FY2023
334,2023-11-30,Thursday,False,False,November,11,Q4,2023,FY2023
335,2023-12-01,Friday,False,False,December,12,Q4,2023,FY2023
336,2023-12-02,Saturday,True,False,December,12,Q4,2023,FY2023
337,2023-12-03,Sunday,True,False,December,12,Q4,2023,FY2023
338,2023-12-04,Monday,False,False,December,12,Q4,2023,FY2023
339,2023-12-05,Tuesday,False,False,December,12,Q4,2023,FY2023
340,2023-12-06,Wednesday,False,False,December,12,Q4,2023,FY2023
341,2023-12-07,Thursday,False,False,December,12,Q4,2023,FY2023
342,2023-12-08,Friday,False,False,December,12,Q4,2023,FY2023
343,2023-12-09,Saturday,True,False,December,12,Q4,2023,FY2023
344,2023-12-10,Sunday,True,False,December,12,Q4,2023,FY2023
345,2023-12-11,Monday,False,False,December,12,Q4,2023,FY2023
346,2023-12-12,Tuesday,False,False,December,12,Q4,2023,FY2023
347,2023-12-13,Wednesday,False,False,December,12,Q4,2023,FY2023
348,2023-12-14,Thursday,False,False,December,12,Q4,2023,FY2023
349,2023-12-15,Friday,False,False,December,12,Q4,2023,FY2023
350,2023-12-16,Saturday,True,False,December,12,Q4,2023,FY2023
351,2023-12-17,Sunday,True,False,December,12,Q4,2023,FY2023
352,2023-12-18,Monday,False,False,December,12,Q4,2023,FY2023
353,2023-12-19,Tuesday,False,False,December,12,Q4,2023,FY2023
354,2023-12-20,Wednesday,False,False,December,12,Q4,2023,FY2023
355,2023-12-21,Thursday,False,False,December,12,Q4,2023,FY2023
356,2023-12-22,Friday,False,False,December,12,Q4,2023,FY2023
357,2023-12-23,Saturday,True,False,December,12,Q4,2023,FY2023
358,2023-12-24,Sunday,True,False,December,12,Q4,2023,FY2023
359,2023-12-25,Monday,False,True,December,12,Q4,2023,FY2023
360,2023-12-26,Tuesday,False,True,December,12,Q4,2023,FY2023
361,2023-12-27,Wednesday,False,False,December,12,Q4,2023,FY2023
362,2023-12-28,Thursday,False,False,December,12,Q4,2023,FY2023
363,2023-12-29,Friday,False,False,December,12,Q4,2023,FY2023
364,2023-12-30,Saturday,True,False,December,12,Q4,2023,FY2023
365,2023-12-31,Sunday,True,False,December,12,Q4,2023,FY2023
366,2024-01-01,Monday,False,True,January,1,Q1,2024,FY2024
367,2024-01-02,Tuesday,False,False,January,1,Q1,2024,FY2024
368,2024-01-03,Wednesday,False,False,January,1,Q1,2024,FY2024
369,2024-01-04,Thursday,False,False,January,1,Q1,2024,FY2024
370,2024-01-05,Friday,False,False,January,1,Q1,2024,FY2024
371,2024-01-06,Saturday,True,False,January,1,Q1,2024,FY2024
372,2024-01-07,Sunday,True,False,January,1,Q1,2024,FY2024
373,2024-01-08,Monday,False,False,January,1,Q1,2024,FY2024
374,2024-01-09,Tuesday,False,False,January,1,Q1,2024,FY2024
375,2024-01-10,Wednesday,False,False,January,1,Q1,2024,FY2024
376,2024-01-11,Thursday,False,False,January,1,Q1,2024,FY2024
377,2024-01-12,Friday,False,False,January,1,Q1,2024,FY2024
378,2024-01-13,Saturday,True,False,January,1,Q1,2024,FY2024
379,2024-01-14,Sunday,True,False,January,1,Q1,2024,FY2024
380,2024-01-15,Monday,False,False,January,1,Q1,2024,FY2024
381,2024-01-16,Tuesday,False,False,January,1,Q1,2024,FY2024
382,2024-01-17,Wednesday,False,False,January,1,Q1,2024,FY2024
383,2024-01-18,Thursday,False,False,January,1,Q1,2024,FY2024
384,2024-01-19,Friday,False,False,January,1,Q1,2024,FY2024
385,2024-01-20,Saturday,True,False,January,1,Q1,2024,FY2024
386,2024-01-21,Sunday,True,False,January,1,Q1,2024,FY2024
387,2024-01-22,Monday,False,False,January,1,Q1,2024,FY2024
388,2024-01-23,Tuesday,False,False,January,1,Q1,2024,FY2024
389,2024-01-24,Wednesday,False,False,January,1,Q1,2024,FY2024
390,2024-01-25,Thursday,False,False,January,1,Q1,2024,FY2024
391,2024-01-26,Friday,False,False,January,1,Q1,2024,FY2024
392,2024-01-27,Saturday,True,False,January,1,Q1,2024,FY2024
393,2024-01-28,Sunday,True,False,January,1,Q1,2024,FY2024
394,2024-01-29,Monday,False,False,January,1,Q1,2024,FY2024
395,2024-01-30,Tuesday,False,False,January,1,Q1,2024,FY2024
396,2024-01-31,Wednesday,False,False,January,1,Q1,2024,FY2024
397,2024-02-01,Thursday,False,False,February,2,Q1,2024,FY2024
398,2024-02-02,Friday,False,False,February,2,Q1,2024,FY2024
399,2024-02-03,Saturday,True,False,February,2,Q1,2024,FY2024
400,2024-02-04,Sunday,True,False,February,2,Q1,2024,FY2024
401,2024-02-05,Monday,False,False,February,2,Q1,2024,FY2024
402,2024-02-06,Tuesday,False,False,February,2,Q1,2024,FY2024
403,2024-02-07,Wednesday,False,False,February,2,Q1,2024,FY2024
404,2024-02-08,Thursday,False,False,February,2,Q1,2024,FY2024
405,2024-02-09,Friday,False,False,February,2,Q1,2024,FY2024
406,2024-02-10,Saturday,True,False,February,2,Q1,2024,FY2024
407,2024-02-11,Sunday,True,False,February,2,Q1,2024,FY2024
408,2024-02-12,Monday,False,False,February,2,Q1,2024,FY2024
409,2024-02-13,Tuesday,False,False,February,2,Q1,2024,FY2024
410,2024-02-14,Wednesday,False,False,February,2,Q1,2024,FY2024
411,2024-02-15,Thursday,False,False,February,2,Q1,2024,FY2024
412,2024-02-16,Friday,False,False,February,2,Q1,2024,FY2024
413,2024-02-17,Saturday,True,False,February,2,Q1,2024,FY2024
414,2024-02-18,Sunday,True,False,February,2,Q1,2024,FY2024
415,2024-02-19,Monday,False,False,February,2,Q1,2024,FY2024
416,2024-02-20,Tuesday,False,False,February,2,Q1,2024,FY2024
417,2024-02-21,Wednesday,False,False,February,2,Q1,2024,FY2024
418,2024-02-22,Thursday,False,False,February,2,Q1,2024,FY2024
419,2024-02-23,Friday,False,False,February,2,Q1,2024,FY2024
420,2024-02-24,Saturday,True,False,February,2,Q1,2024,FY2024
421,2024-02-25,Sunday,True,False,February,2,Q1,2024,FY2024
422,2024-02-26,Monday,False,False,February,2,Q1,2024,FY2024
423,2024-02-27,Tuesday,False,False,February,2,Q1,2024,FY2024
424,2024-02-28,Wednesday,False,False,February,2,Q1,2024,FY2024
425,2024-02-29,Thursday,False,False,February,2,Q1,2024,FY2024
426,2024-03-01,Friday,False,False,March,3,Q1,2024,FY2024
427,2024-03-02,Saturday,True,False,March,3,Q1,2024,FY2024
428,2024-03-03,Sunday,True,False,March,3,Q1,2024,FY2024
429,2024-03-04,Monday,False,False,March,3,Q1,2024,FY2024
430,2024-03-05,Tuesday,False,False,March,3,Q1,2024,FY2024
431,2024-03-06,Wednesday,False,False,March,3,Q1,2024,FY2024
432,2024-03-07,Thursday,False,False,March,3,Q1,2024,FY2024
433,2024-03-08,Friday,False,False,March,3,Q1,2024,FY2024
434,2024-03-09,Saturday,True,False,March,3,Q1,2024,FY2024
435,2024-03-10,Sunday,True,False,March,3,Q1,2024,FY2024
436,2024-03-11,Monday,False,False,March,3,Q1,2024,FY2024
437,2024-03-12,Tuesday,False,False,March,3,Q1,2024,FY2024
438,2024-03-13,Wednesday,False,False,March,3,Q1,2024,FY2024
439,2024-03-14,Thursday,False,False,March,3,Q1,2024,FY2024
440,2024-03-15,Friday,False,False,March,3,Q1,2024,FY2024
441,2024-03-16,Saturday,True,False,March,3,Q1,2024,FY2024
442,2024-03-17,Sunday,True,False,March,3,Q1,2024,FY2024
443,2024-03-18,Monday,False,False,March,3,Q1,2024,FY2024
444,2024-03-19,Tuesday,False,False,March,3,Q1,2024,FY2024
445,2024-03-20,Wednesday,False,False,March,3,Q1,2024,FY2024
446,2024-03-21,Thursday,False,False,March,3,Q1,2024,FY2024
447,2024-03-22,Friday,False,False,March,3,Q1,2024,FY2024
448,2024-03-23,Saturday,True,False,March,3,Q1,2024,FY2024
449,2024-03-24,Sunday,True,False,March,3,Q1,2024,FY2024
450,2024-03-25,Monday,False,False,March,3,Q1,2024,FY2024
451,2024-03-26,Tuesday,False,False,March,3,Q1,2024,FY2024
452,2024-03-27,Wednesday,False,False,March,3,Q1,2024,FY2024
453,2024-03-28,Thursday,False,False,March,3,Q1,2024,FY2024
454,2024-03-29,Friday,False,False,March,3,Q1,2024,FY2024
455,2024-03-30,Saturday,True,False,March,3,Q1,2024,FY2024
456,2024-03-31,Sunday,True,False,March,3,Q1,2024,FY2024
457,2024-04-01,Monday,False,False,April,4,Q2,2024,FY2024
458,2024-04-02,Tuesday,False,False,April,4,Q2,2024,FY2024
459,2024-04-03,Wednesday,False,False,April,4,Q2,2024,FY2024
460,2024-04-04,Thursday,False,False,April,4,Q2,2024,FY2024
461,2024-04-05,Friday,False,False,April,4,Q2,2024,FY2024
462,2024-04-06,Saturday,True,False,April,4,Q2,2024,FY2024
463,2024-04-07,Sunday,True,False,April,4,Q2,2024,FY2024
464,2024-04-08,Monday,False,False,April,4,Q2,2024,FY2024
465,2024-04-09,Tuesday,False,False,April,4,Q2,2024,FY2024
466,2024-04-10,Wednesday,False,False,April,4,Q2,2024,FY2024
467,2024-04-11,Thursday,False,False,April,4,Q2,2024,FY2024
468,2024-04-12,Friday,False,False,April,4,Q2,2024,FY2024
469,2024-04-13,Saturday,True,False,April,4,Q2,2024,FY2024
470,2024-04-14,Sunday,True,False,April,4,Q2,2024,FY2024
471,2024-04-15,Monday,False,False,April,4,Q2,2024,FY2024
472,2024-04-16,Tuesday,False,False,April,4,Q2,2024,FY2024
473,2024-04-17,Wednesday,False,False,April,4,Q2,2024,FY2024
474,2024-04-18,Thursday,False,False,April,4,Q2,2024,FY2024
475,2024-04-19,Friday,False,False,April,4,Q2,2024,FY2024
476,2024-04-20,Saturday,True,False,April,4,Q2,2024,FY2024
477,2024-04-21,Sunday,True,False,April,4,Q2,2024,FY2024
478,2024-04-22,Monday,False,False,April,4,Q2,2024,FY2024
479,2024-04-23,Tuesday,False,False,April,4,Q2,2024,FY2024
480,2024-04-24,Wednesday,False,False,April,4,Q2,2024,FY2024
481,2024-04-25,Thursday,False,False,April,4,Q2,2024,FY2024
482,2024-04-26,Friday,False,False,April,4,Q2,2024,FY2024
483,2024-04-27,Saturday,True,False,April,4,Q2,2024,FY2024
484,2024-04-28,Sunday,True,False,April,4,Q2,2024,FY2024
485,2024-04-29,Monday,False,False,April,4,Q2,2024,FY2024
486,2024-04-30,Tuesday,False,False,April,4,Q2,2024,FY2024
487,2024-05-01,Wednesday,False,False,May,5,Q2,2024,FY2024
488,2024-05-02,Thursday,False,False,May,5,Q2,2024,FY2024
489,2024-05-03,Friday,False,False,May,5,Q2,2024,FY2024
490,2024-05-04,Saturday,True,False,May,5,Q2,2024,FY2024
491,2024-05-05,Sunday,True,False,May,5,Q2,2024,FY2024
492,2024-05-06,Monday,False,False,May,5,Q2,2024,FY2024
493,2024-05-07,Tuesday,False,False,May,5,Q2,2024,FY2024
494,2024-05-08,Wednesday,False,False,May,5,Q2,2024,FY2024
495,2024-05-09,Thursday,False,False,May,5,Q2,2024,FY2024
496,2024-05-10,Friday,False,False,May,5,Q2,2024,FY2024
497,2024-05-11,Saturday,True,False,May,5,Q2,2024,FY2024
498,2024-05-12,Sunday,True,False,May,5,Q2,2024,FY2024
499,2024-05-13,Monday,False,False,May,5,Q2,2024,FY2024
500,2024-05-14,Tuesday,False,False,May,5,Q2,2024,FY2024
501,2024-05-15,Wednesday,False,False,May,5,Q2,2024,FY2024
502,2024-05-16,Thursday,False,False,May,5,Q2,2024,FY2024
503,2024-05-17,Friday,False,False,May,5,Q2,2024,FY2024
504,2024-05-18,Saturday,True,False,May,5,Q2,2024,FY2024
505,2024-05-19,Sunday,True,False,May,5,Q2,2024,FY2024
506,2024-05-20,Monday,False,False,May,5,Q2,2024,FY2024
507,2024-05-21,Tuesday,False,False,May,5,Q2,2024,FY2024
508,2024-05-22,Wednesday,False,False,May,5,Q2,2024,FY2024
509,2024-05-23,Thursday,False,False,May,5,Q2,2024,FY2024
510,2024-05-24,Friday,False,False,May,5,Q2,2024,FY2024
511,2024-05-25,Saturday,True,False,May,5,Q2,2024,FY2024
512,2024-05-26,Sunday,True,False,May,5,Q2,2024,FY2024
513,2024-05-27,Monday,False,False,May,5,Q2,2024,FY2024
514,2024-05-28,Tuesday,False,False,May,5,Q2,2024,FY2024
515,2024-05-29,Wednesday,False,False,May,5,Q2,2024,FY2024
516,2024-05-30,Thursday,False,False,May,5,Q2,2024,FY2024
517,2024-05-31,Friday,False,False,May,5,Q2,2024,FY2024
518,2024-06-01,Saturday,True,False,June,6,Q2,2024,FY2024
519,2024-06-02,Sunday,True,False,June,6,Q2,2024,FY2024
520,2024-06-03,Monday,False,False,June,6,Q2,2024,FY2024
521,2024-06-04,Tuesday,False,False,June,6,Q2,2024,FY2024
522,2024-06-05,Wednesday,False,False,June,6,Q2,2024,FY2024
523,2024-06-06,Thursday,False,False,June,6,Q2,2024,FY2024
524,2024-06-07,Friday,False,False,June,6,Q2,2024,FY2024
525,2024-06-08,Saturday,True,False,June,6,Q2,2024,FY2024
526,2024-06-09,Sunday,True,False,June,6,Q2,2024,FY2024
527,2024-06-10,Monday,False,False,June,6,Q2,2024,FY2024
528,2024-06-11,Tuesday,False,False,June,6,Q2,2024,FY2024
529,2024-06-12,Wednesday,False,False,June,6,Q2,2024,FY2024
530,2024-06-13,Thursday,False,False,June,6,Q2,2024,FY2024
531,2024-06-14,Friday,False,False,June,6,Q2,2024,FY2024
532,2024-06-15,Saturday,True,False,June,6,Q2,2024,FY2024
533,2024-06-16,Sunday,True,False,June,6,Q2,2024,FY2024
534,2024-06-17,Monday,False,False,June,6,Q2,2024,FY2024
535,2024-06-18,Tuesday,False,False,June,6,Q2,2024,FY2024
536,2024-06-19,Wednesday,False,False,June,6,Q2,2024,FY2024
537,2024-06-20,Thursday,False,False,June,6,Q2,2024,FY2024
538,2024-06-21,Friday,False,False,June,6,Q2,2024,FY2024
539,2024-06-22,Saturday,True,False,June,6,Q2,2024,FY2024
540,2024-06-23,Sunday,True,False,June,6,Q2,2024,FY2024
541,2024-06-24,Monday,False,False,June,6,Q2,2024,FY2024
542,2024-06-25,Tuesday,False,False,June,6,Q2,2024,FY2024
543,2024-06-26,Wednesday,False,False,June,6,Q2,2024,FY2024
544,2024-06-27,Thursday,False,False,June,6,Q2,2024,FY2024
545,2024-06-28,Friday,False,False,June,6,Q2,2024,FY2024
546,2024-06-29,Saturday,True,False,June,6,Q2,2024,FY2024
547,2024-06-30,Sunday,True,False,June,6,Q2,2024,FY2024
548,2024-07-01,Monday,False,False,July,7,Q3,2024,FY2024
549,2024-07-02,Tuesday,False,False,July,7,Q3,2024,FY2024
550,2024-07-03,Wednesday,False,False,July,7,Q3,2024,FY2024
551,2024-07-04,Thursday,False,False,July,7,Q3,2024,FY2024
552,2024-07-05,Friday,False,False,July,7,Q3,2024,FY2024
553,2024-07-06,Saturday,True,False,July,7,Q3,2024,FY2024
554,2024-07-07,Sunday,True,False,July,7,Q3,2024,FY2024
555,2024-07-08,Monday,False,False,July,7,Q3,2024,FY2024
556,2024-07-09,Tuesday,False,False,July,7,Q3,2024,FY2024
557,2024-07-10,Wednesday,False,False,July,7,Q3,2024,FY2024
558,2024-07-11,Thursday,False,False,July,7,Q3,2024,FY2024
559,2024-07-12,Friday,False,False,July,7,Q3,2024,FY2024
560,2024-07-13,Saturday,True,False,July,7,Q3,2024,FY2024
561,2024-07-14,Sunday,True,False,July,7,Q3,2024,FY2024
562,2024-07-15,Monday,False,False,July,7,Q3,2024,FY2024
563,2024-07-16,Tuesday,False,False,July,7,Q3,2024,FY2024
564,2024-07-17,Wednesday,False,False,July,7,Q3,2024,FY2024
565,2024-07-18,Thursday,False,False,July,7,Q3,2024,FY2024
566,2024-07-19,Friday,False,False,July,7,Q3,2024,FY2024
567,2024-07-20,Saturday,True,False,July,7,Q3,2024,FY2024
568,2024-07-21,Sunday,True,False,July,7,Q3,2024,FY2024
569,2024-07-22,Monday,False,False,July,7,Q3,2024,FY2024
570,2024-07-23,Tuesday,False,False,July,7,Q3,2024,FY2024
571,2024-07-24,Wednesday,False,False,July,7,Q3,2024,FY2024
572,2024-07-25,Thursday,False,False,July,7,Q3,2024,FY2024
573,2024-07-26,Friday,False,False,July,7,Q3,2024,FY2024
574,2024-07-27,Saturday,True,False,July,7,Q3,2024,FY2024
575,2024-07-28,Sunday,True,False,July,7,Q3,2024,FY2024
576,2024-07-29,Monday,False,False,July,7,Q3,2024,FY2024
577,2024-07-30,Tuesday,False,False,July,7,Q3,2024,FY2024
578,2024-07-31,Wednesday,False,False,July,7,Q3,2024,FY2024
579,2024-08-01,Thursday,False,False,August,8,Q3,2024,FY2024
580,2024-08-02,Friday,False,False,August,8,Q3,2024,FY2024
581,2024-08-03,Saturday,True,False,August,8,Q3,2024,FY2024
582,2024-08-04,Sunday,True,False,August,8,Q3,2024,FY2024
583,2024-08-05,Monday,False,False,August,8,Q3,2024,FY2024
584,2024-08-06,Tuesday,False,False,August,8,Q3,2024,FY2024
585,2024-08-07,Wednesday,False,False,August,8,Q3,2024,FY2024
586,2024-08-08,Thursday,False,False,August,8,Q3,2024,FY2024
587,2024-08-09,Friday,False,False,August,8,Q3,2024,FY2024
588,2024-08-10,Saturday,True,False,August,8,Q3,2024,FY2024
589,2024-08-11,Sunday,True,False,August,8,Q3,2024,FY2024
590,2024-08-12,Monday,False,False,August,8,Q3,2024,FY2024
591,2024-08-13,Tuesday,False,False,August,8,Q3,2024,FY2024
592,2024-08-14,Wednesday,False,False,August,8,Q3,2024,FY2024
593,2024-08-15,Thursday,False,False,August,8,Q3,2024,FY2024
594,2024-08-16,Friday,False,False,August,8,Q3,2024,FY2024
595,2024-08-17,Saturday,True,False,August,8,Q3,2024,FY2024
596,2024-08-18,Sunday,True,False,August,8,Q3,2024,FY2024
597,2024-08-19,Monday,False,False,August,8,Q3,2024,FY2024
598,2024-08-20,Tuesday,False,False,August,8,Q3,2024,FY2024
599,2024-08-21,Wednesday,False,False,August,8,Q3,2024,FY2024
600,2024-08-22,Thursday,False,False,August,8,Q3,2024,FY2024
601,2024-08-23,Friday,False,False,August,8,Q3,2024,FY2024
602,2024-08-24,Saturday,True,False,August,8,Q3,2024,FY2024
603,2024-08-25,Sunday,True,False,August,8,Q3,2024,FY2024
604,2024-08-26,Monday,False,False,August,8,Q3,2024,FY2024
605,2024-08-27,Tuesday,False,False,August,8,Q3,2024,FY2024
606,2024-08-28,Wednesday,False,False,August,8,Q3,2024,FY2024
607,2024-08-29,Thursday,False,False,August,8,Q3,2024,FY2024
608,2024-08-30,Friday,False,False,August,8,Q3,2024,FY2024
609,2024-08-31,Saturday,True,False,August,8,Q3,2024,FY2024
610,2024-09-01,Sunday,True,False,September,9,Q3,2024,FY2024
611,2024-09-02,Monday,False,False,September,9,Q3,2024,FY2024
612,2024-09-03,Tuesday,False,False,September,9,Q3,2024,FY2024
613,2024-09-04,Wednesday,False,False,September,9,Q3,2024,FY2024
614,2024-09-05,Thursday,False,False,September,9,Q3,2024,FY2024
615,2024-09-06,Friday,False,False,September,9,Q3,2024,FY2024
616,2024-09-07,Saturday,True,False,September,9,Q3,2024,FY2024
617,2024-09-08,Sunday,True,False,September,9,Q3,2024,FY2024
618,2024-09-09,Monday,False,False,September,9,Q3,2024,FY2024
619,2024-09-10,Tuesday,False,False,September,9,Q3,2024,FY2024
620,2024-09-11,Wednesday,False,False,September,9,Q3,2024,FY2024
621,2024-09-12,Thursday,False,False,September,9,Q3,2024,FY2024
622,2024-09-13,Friday,False,False,September,9,Q3,2024,FY2024
623,2024-09-14,Saturday,True,False,September,9,Q3,2024,FY2024
624,2024-09-15,Sunday,True,False,September,9,Q3,2024,FY2024
625,2024-09-16,Monday,False,False,September,9,Q3,2024,FY2024
626,2024-09-17,Tuesday,False,False,September,9,Q3,2024,FY2024
627,2024-09-18,Wednesday,False,False,September,9,Q3,2024,FY2024
628,2024-09-19,Thursday,False,False,September,9,Q3,2024,FY2024
629,2024-09-20,Friday,False,False,September,9,Q3,2024,FY2024
630,2024-09-21,Saturday,True,False,September,9,Q3,2024,FY2024
631,2024-09-22,Sunday,True,False,September,9,Q3,2024,FY2024
632,2024-09-23,Monday,False,False,September,9,Q3,2024,FY2024
633,2024-09-24,Tuesday,False,False,September,9,Q3,2024,FY2024
634,2024-09-25,Wednesday,False,False,September,9,Q3,2024,FY2024
635,2024-09-26,Thursday,False,False,September,9,Q3,2024,FY2024
636,2024-09-27,Friday,False,False,September,9,Q3,2024,FY2024
637,2024-09-28,Saturday,True,False,September,9,Q3,2024,FY2024
638,2024-09-29,Sunday,True,False,September,9,Q3,2024,FY2024
639,2024-09-30,Monday,False,False,September,9,Q3,2024,FY2024
640,2024-10-01,Tuesday,False,False,October,10,Q4,2024,FY2024
641,2024-10-02,Wednesday,False,False,October,10,Q4,2024,FY2024
642,2024-10-03,Thursday,False,True,October,10,Q4,2024,FY2024
643,2024-10-04,Friday,False,False,October,10,Q4,2024,FY2024
644,2024-10-05,Saturday,True,False,October,10,Q4,2024,FY2024
645,2024-10-06,Sunday,True,False,October,10,Q4,2024,FY2024
646,2024-10-07,Monday,False,False,October,10,Q4,2024,FY2024
647,2024-10-08,Tuesday,False,False,October,10,Q4,2024,FY2024
648,2024-10-09,Wednesday,False,False,October,10,Q4,2024,FY2024
649,2024-10-10,Thursday,False,False,October,10,Q4,2024,FY2024
650,2024-10-11,Friday,False,False,October,10,Q4,2024,FY2024
651,2024-10-12,Saturday,True,False,October,10,Q4,2024,FY2024
652,2024-10-13,Sunday,True,False,October,10,Q4,2024,FY2024
653,2024-10-14,Monday,False,False,October,10,Q4,2024,FY2024
654,2024-10-15,Tuesday,False,False,October,10,Q4,2024,FY2024
655,2024-10-16,Wednesday,False,False,October,10,Q4,2024,FY2024
656,2024-10-17,Thursday,False,False,October,10,Q4,2024,FY2024
657,2024-10-18,Friday,False,False,October,10,Q4,2024,FY2024
658,2024-10-19,Saturday,True,False,October,10,Q4,2024,FY2024
659,2024-10-20,Sunday,True,False,October,10,Q4,2024,FY2024
660,2024-10-21,Monday,False,False,October,10,Q4,2024,FY2024
661,2024-10-22,Tuesday,False,False,October,10,Q4,2024,FY2024
662,2024-10-23,Wednesday,False,False,October,10,Q4,2024,FY2024
663,2024-10-24,Thursday,False,False,October,10,Q4,2024,FY2024
664,2024-10-25,Friday,False,False,October,10,Q4,2024,FY2024
665,2024-10-26,Saturday,True,False,October,10,Q4,2024,FY2024
666,2024-10-27,Sunday,True,False,October,10,Q4,2024,FY2024
667,2024-10-28,Monday,False,False,October,10,Q4,2024,FY2024
668,2024-10-29,Tuesday,False,False,October,10,Q4,2024,FY2024
669,2024-10-30,Wednesday,False,False,October,10,Q4,2024,FY2024
670,2024-10-31,Thursday,False,False,October,10,Q4,2024,FY2024
671,2024-11-01,Friday,False,False,November,11,Q4,2024,FY2024
672,2024-11-02,Saturday,True,False,November,11,Q4,2024,FY2024
673,2024-11-03,Sunday,True,False,November,11,Q4,2024,FY2024
674,2024-11-04,Monday,False,False,November,11,Q4,2024,FY2024
675,2024-11-05,Tuesday,False,False,November,11,Q4,2024,FY2024
676,2024-11-06,Wednesday,False,False,November,11,Q4,2024,FY2024
677,2024-11-07,Thursday,False,False,November,11,Q4,2024,FY2024
678,2024-11-08,Friday,False,False,November,11,Q4,2024,FY2024
679,2024-11-09,Saturday,True,False,November,11,Q4,2024,FY2024
680,2024-11-10,Sunday,True,False,November,11,Q4,2024,FY2024
681,2024-11-11,Monday,False,False,November,11,Q4,2024,FY2024
682,2024-11-12,Tuesday,False,False,November,11,Q4,2024,FY2024
683,2024-11-13,Wednesday,False,False,November,11,Q4,2024,FY2024
684,2024-11-14,Thursday,False,False,November,11,Q4,2024,FY2024
685,2024-11-15,Friday,False,False,November,11,Q4,2024,FY2024
686,2024-11-16,Saturday,True,False,November,11,Q4,2024,FY2024
687,2024-11-17,Sunday,True,False,November,11,Q4,2024,FY2024
688,2024-11-18,Monday,False,False,November,11,Q4,2024,FY2024
689,2024-11-19,Tuesday,False,False,November,11,Q4,2024,FY2024
690,2024-11-20,Wednesday,False,False,November,11,Q4,2024,FY2024
691,2024-11-21,Thursday,False,False,November,11,Q4,2024,FY2024
692,2024-11-22,Friday,False,False,November,11,Q4,2024,FY2024
693,2024-11-23,Saturday,True,False,November,11,Q4,2024,FY2024
694,2024-11-24,Sunday,True,False,November,11,Q4,2024,FY2024
695,2024-11-25,Monday,False,False,November,11,Q4,2024,FY2024
696,2024-11-26,Tuesday,False,False,November,11,Q4,2024,FY2024
697,2024-11-27,Wednesday,False,False,November,11,Q4,2024,FY2024
698,2024-11-28,Thursday,False,False,November,11,Q4,2024,FY2024
699,2024-11-29,Friday,False,False,November,11,Q4,2024,FY2024
700,2024-11-30,Saturday,True,False,November,11,Q4,2024,FY2024
701,2024-12-01,Sunday,True,False,December,12,Q4,2024,FY2024
702,2024-12-02,Monday,False,False,December,12,Q4,2024,FY2024
703,2024-12-03,Tuesday,False,False,December,12,Q4,2024,FY2024
704,2024-12-04,Wednesday,False,False,December,12,Q4,2024,FY2024
705,2024-12-05,Thursday,False,False,December,12,Q4,2024,FY2024
706,2024-12-06,Friday,False,False,December,12,Q4,2024,FY2024
707,2024-12-07,Saturday,True,False,December,12,Q4,2024,FY2024
708,2024-12-08,Sunday,True,False,December,12,Q4,2024,FY2024
709,2024-12-09,Monday,False,False,December,12,Q4,2024,FY2024
710,2024-12-10,Tuesday,False,False,December,12,Q4,2024,FY2024
711,2024-12-11,Wednesday,False,False,December,12,Q4,2024,FY2024
712,2024-12-12,Thursday,False,False,December,12,Q4,2024,FY2024
713,2024-12-13,Friday,False,False,December,12,Q4,2024,FY2024
714,2024-12-14,Saturday,True,False,December,12,Q4,2024,FY2024
715,2024-12-15,Sunday,True,False,December,12,Q4,2024,FY2024
716,2024-12-16,Monday,False,False,December,12,Q4,2024,FY2024
717,2024-12-17,Tuesday,False,False,December,12,Q4,2024,FY2024
718,2024-12-18,Wednesday,False,False,December,12,Q4,2024,FY2024
719,2024-12-19,Thursday,False,False,December,12,Q4,2024,FY2024
720,2024-12-20,Friday,False,False,December,12,Q4,2024,FY2024
721,2024-12-21,Saturday,True,False,December,12,Q4,2024,FY2024
722,2024-12-22,Sunday,True,False,December,12,Q4,2024,FY2024
723,2024-12-23,Monday,False,False,December,12,Q4,2024,FY2024
724,2024-12-24,Tuesday,False,False,December,12,Q4,2024,FY2024
725,2024-12-25,Wednesday,False,True,December,12,Q4,2024,FY2024
726,2024-12-26,Thursday,False,True,December,12,Q4,2024,FY2024
727,2024-12-27,Friday,False,False,December,12,Q4,2024,FY2024
728,2024-12-28,Saturday,True,False,December,12,Q4,2024,FY2024
729,2024-12-29,Sunday,True,False,December,12,Q4,2024,FY2024
730,2024-12-30,Monday,False,False,December,12,Q4,2024,FY2024
731,2024-12-31,Tuesday,False,False,December,12,Q4,2024,FY2024
732,2025-01-01,Wednesday,False,True,January,1,Q1,2025,FY2025
733,2025-01-02,Thursday,False,False,January,1,Q1,2025,FY2025
734,2025-01-03,Friday,False,False,January,1,Q1,2025,FY2025
735,2025-01-04,Saturday,True,False,January,1,Q1,2025,FY2025
736,2025-01-05,Sunday,True,False,January,1,Q1,2025,FY2025
737,2025-01-06,Monday,False,False,January,1,Q1,2025,FY2025
738,2025-01-07,Tuesday,False,False,January,1,Q1,2025,FY2025
739,2025-01-08,Wednesday,False,False,January,1,Q1,2025,FY2025
740,2025-01-09,Thursday,False,False,January,1,Q1,2025,FY2025
741,2025-01-10,Friday,False,False,January,1,Q1,2025,FY2025
742,2025-01-11,Saturday,True,False,January,1,Q1,2025,FY2025
743,2025-01-12,Sunday,True,False,January,1,Q1,2025,FY2025
744,2025-01-13,Monday,False,False,January,1,Q1,2025,FY2025
745,2025-01-14,Tuesday,False,False,January,1,Q1,2025,FY2025
746,2025-01-15,Wednesday,False,False,January,1,Q1,2025,FY2025
747,2025-01-16,Thursday,False,False,January,1,Q1,2025,FY2025
748,2025-01-17,Friday,False,False,January,1,Q1,2025,FY2025
749,2025-01-18,Saturday,True,False,January,1,Q1,2025,FY2025
750,2025-01-19,Sunday,True,False,January,1,Q1,2025,FY2025
751,2025-01-20,Monday,False,False,January,1,Q1,2025,FY2025
752,2025-01-21,Tuesday,False,False,January,1,Q1,2025,FY2025
753,2025-01-22,Wednesday,False,False,January,1,Q1,2025,FY2025
754,2025-01-23,Thursday,False,False,January,1,Q1,2025,FY2025
755,2025-01-24,Friday,False,False,January,1,Q1,2025,FY2025
756,2025-01-25,Saturday,True,False,January,1,Q1,2025,FY2025
757,2025-01-26,Sunday,True,False,January,1,Q1,2025,FY2025
758,2025-01-27,Monday,False,False,January,1,Q1,2025,FY2025
759,2025-01-28,Tuesday,False,False,January,1,Q1,2025,FY2025
760,2025-01-29,Wednesday,False,False,January,1,Q1,2025,FY2025
761,2025-01-30,Thursday,False,False,January,1,Q1,2025,FY2025
762,2025-01-31,Friday,False,False,January,1,Q1,2025,FY2025
763,2025-02-01,Saturday,True,False,February,2,Q1,2025,FY2025
764,2025-02-02,Sunday,True,False,February,2,Q1,2025,FY2025
765,2025-02-03,Monday,False,False,February,2,Q1,2025,FY2025
766,2025-02-04,Tuesday,False,False,February,2,Q1,2025,FY2025
767,2025-02-05,Wednesday,False,False,February,2,Q1,2025,FY2025
768,2025-02-06,Thursday,False,False,February,2,Q1,2025,FY2025
769,2025-02-07,Friday,False,False,February,2,Q1,2025,FY2025
770,2025-02-08,Saturday,True,False,February,2,Q1,2025,FY2025
771,2025-02-09,Sunday,True,False,February,2,Q1,2025,FY2025
772,2025-02-10,Monday,False,False,February,2,Q1,2025,FY2025
773,2025-02-11,Tuesday,False,False,February,2,Q1,2025,FY2025
774,2025-02-12,Wednesday,False,False,February,2,Q1,2025,FY2025
775,2025-02-13,Thursday,False,False,February,2,Q1,2025,FY2025
776,2025-02-14,Friday,False,False,February,2,Q1,2025,FY2025
777,2025-02-15,Saturday,True,False,February,2,Q1,2025,FY2025
778,2025-02-16,Sunday,True,False,February,2,Q1,2025,FY2025
779,2025-02-17,Monday,False,False,February,2,Q1,2025,FY2025
780,2025-02-18,Tuesday,False,False,February,2,Q1,2025,FY2025
781,2025-02-19,Wednesday,False,False,February,2,Q1,2025,FY2025
782,2025-02-20,Thursday,False,False,February,2,Q1,2025,FY2025
783,2025-02-21,Friday,False,False,February,2,Q1,2025,FY2025
784,2025-02-22,Saturday,True,False,February,2,Q1,2025,FY2025
785,2025-02-23,Sunday,True,False,February,2,Q1,2025,FY2025
786,2025-02-24,Monday,False,False,February,2,Q1,2025,FY2025
787,2025-02-25,Tuesday,False,False,February,2,Q1,2025,FY2025
788,2025-02-26,Wednesday,False,False,February,2,Q1,2025,FY2025
789,2025-02-27,Thursday,False,False,February,2,Q1,2025,FY2025
790,2025-02-28,Friday,False,False,February,2,Q1,2025,FY2025
791,2025-03-01,Saturday,True,False,March,3,Q1,2025,FY2025
792,2025-03-02,Sunday,True,False,March,3,Q1,2025,FY2025
793,2025-03-03,Monday,False,False,March,3,Q1,2025,FY2025
794,2025-03-04,Tuesday,False,False,March,3,Q1,2025,FY2025
795,2025-03-05,Wednesday,False,False,March,3,Q1,2025,FY2025
796,2025-03-06,Thursday,False,False,March,3,Q1,2025,FY2025
797,2025-03-07,Friday,False,False,March,3,Q1,2025,FY2025
798,2025-03-08,Saturday,True,False,March,3,Q1,2025,FY2025
799,2025-03-09,Sunday,True,False,March,3,Q1,2025,FY2025
800,2025-03-10,Monday,False,False,March,3,Q1,2025,FY2025
801,2025-03-11,Tuesday,False,False,March,3,Q1,2025,FY2025
802,2025-03-12,Wednesday,False,False,March,3,Q1,2025,FY2025
803,2025-03-13,Thursday,False,False,March,3,Q1,2025,FY2025
804,2025-03-14,Friday,False,False,March,3,Q1,2025,FY2025
805,2025-03-15,Saturday,True,False,March,3,Q1,2025,FY2025
806,2025-03-16,Sunday,True,False,March,3,Q1,2025,FY2025
807,2025-03-17,Monday,False,False,March,3,Q1,2025,FY2025
808,2025-03-18,Tuesday,False,False,March,3,Q1,2025,FY2025
809,2025-03-19,Wednesday,False,False,March,3,Q1,2025,FY2025
810,2025-03-20,Thursday,False,False,March,3,Q1,2025,FY2025
811,2025-03-21,Friday,False,False,March,3,Q1,2025,FY2025
812,2025-03-22,Saturday,True,False,March,3,Q1,2025,FY2025
813,2025-03-23,Sunday,True,False,March,3,Q1,2025,FY2025
814,2025-03-24,Monday,False,False,March,3,Q1,2025,FY2025
815,2025-03-25,Tuesday,False,False,March,3,Q1,2025,FY2025
816,2025-03-26,Wednesday,False,False,March,3,Q1,2025,FY2025
817,2025-03-27,Thursday,False,False,March,3,Q1,2025,FY2025
818,2025-03-28,Friday,False,False,March,3,Q1,2025,FY2025
819,2025-03-29,Saturday,True,False,March,3,Q1,2025,FY2025
820,2025-03-30,Sunday,True,False,March,3,Q1,2025,FY2025
821,2025-03-31,Monday,False,False,March,3,Q1,2025,FY2025
822,2025-04-01,Tuesday,False,False,April,4,Q2,2025,FY2025
823,2025-04-02,Wednesday,False,False,April,4,Q2,2025,FY2025
824,2025-04-03,Thursday,False,False,April,4,Q2,2025,FY2025
825,2025-04-04,Friday,False,False,April,4,Q2,2025,FY2025
826,2025-04-05,Saturday,True,False,April,4,Q2,2025,FY2025
827,2025-04-06,Sunday,True,False,April,4,Q2,2025,FY2025
828,2025-04-07,Monday,False,False,April,4,Q2,2025,FY2025
829,2025-04-08,Tuesday,False,False,April,4,Q2,2025,FY2025
830,2025-04-09,Wednesday,False,False,April,4,Q2,2025,FY2025
831,2025-04-10,Thursday,False,False,April,4,Q2,2025,FY2025
832,2025-04-11,Friday,False,False,April,4,Q2,2025,FY2025
833,2025-04-12,Saturday,True,False,April,4,Q2,2025,FY2025
834,2025-04-13,Sunday,True,False,April,4,Q2,2025,FY2025
835,2025-04-14,Monday,False,False,April,4,Q2,2025,FY2025
836,2025-04-15,Tuesday,False,False,April,4,Q2,2025,FY2025
837,2025-04-16,Wednesday,False,False,April,4,Q2,2025,FY2025
838,2025-04-17,Thursday,False,False,April,4,Q2,2025,FY2025
839,2025-04-18,Friday,False,False,April,4,Q2,2025,FY2025
840,2025-04-19,Saturday,True,False,April,4,Q2,2025,FY2025
841,2025-04-20,Sunday,True,False,April,4,Q2,2025,FY2025
842,2025-04-21,Monday,False,False,April,4,Q2,2025,FY2025
843,2025-04-22,Tuesday,False,False,April,4,Q2,2025,FY2025
844,2025-04-23,Wednesday,False,False,April,4,Q2,2025,FY2025
845,2025-04-24,Thursday,False,False,April,4,Q2,2025,FY2025
846,2025-04-25,Friday,False,False,April,4,Q2,2025,FY2025
847,2025-04-26,Saturday,True,False,April,4,Q2,2025,FY2025
848,2025-04-27,Sunday,True,False,April,4,Q2,2025,FY2025
849,2025-04-28,Monday,False,False,April,4,Q2,2025,FY2025
850,2025-04-29,Tuesday,False,False,April,4,Q2,2025,FY2025
851,2025-04-30,Wednesday,False,False,April,4,Q2,2025,FY2025
852,2025-05-01,Thursday,False,False,May,5,Q2,2025,FY2025
853,2025-05-02,Friday,False,False,May,5,Q2,2025,FY2025
854,2025-05-03,Saturday,True,False,May,5,Q2,2025,FY2025
855,2025-05-04,Sunday,True,False,May,5,Q2,2025,FY2025
856,2025-05-05,Monday,False,False,May,5,Q2,2025,FY2025
857,2025-05-06,Tuesday,False,False,May,5,Q2,2025,FY2025
858,2025-05-07,Wednesday,False,False,May,5,Q2,2025,FY2025
859,2025-05-08,Thursday,False,False,May,5,Q2,2025,FY2025
860,2025-05-09,Friday,False,False,May,5,Q2,2025,FY2025
861,2025-05-10,Saturday,True,False,May,5,Q2,2025,FY2025
862,2025-05-11,Sunday,True,False,May,5,Q2,2025,FY2025
863,2025-05-12,Monday,False,False,May,5,Q2,2025,FY2025
864,2025-05-13,Tuesday,False,False,May,5,Q2,2025,FY2025
865,2025-05-14,Wednesday,False,False,May,5,Q2,2025,FY2025
866,2025-05-15,Thursday,False,False,May,5,Q2,2025,FY2025
867,2025-05-16,Friday,False,False,May,5,Q2,2025,FY2025
868,2025-05-17,Saturday,True,False,May,5,Q2,2025,FY2025
869,2025-05-18,Sunday,True,False,May,5,Q2,2025,FY2025
870,2025-05-19,Monday,False,False,May,5,Q2,2025,FY2025
871,2025-05-20,Tuesday,False,False,May,5,Q2,2025,FY2025
872,2025-05-21,Wednesday,False,False,May,5,Q2,2025,FY2025
873,2025-05-22,Thursday,False,False,May,5,Q2,2025,FY2025
874,2025-05-23,Friday,False,False,May,5,Q2,2025,FY2025
875,2025-05-24,Saturday,True,False,May,5,Q2,2025,FY2025
876,2025-05-25,Sunday,True,False,May,5,Q2,2025,FY2025
877,2025-05-26,Monday,False,False,May,5,Q2,2025,FY2025
878,2025-05-27,Tuesday,False,False,May,5,Q2,2025,FY2025
879,2025-05-28,Wednesday,False,False,May,5,Q2,2025,FY2025
880,2025-05-29,Thursday,False,False,May,5,Q2,2025,FY2025
881,2025-05-30,Friday,False,False,May,5,Q2,2025,FY2025
882,2025-05-31,Saturday,True,False,May,5,Q2,2025,FY2025
883,2025-06-01,Sunday,True,False,June,6,Q2,2025,FY2025
884,2025-06-02,Monday,False,False,June,6,Q2,2025,FY2025
885,2025-06-03,Tuesday,False,False,June,6,Q2,2025,FY2025
886,2025-06-04,Wednesday,False,False,June,6,Q2,2025,FY2025
887,2025-06-05,Thursday,False,False,June,6,Q2,2025,FY2025
888,2025-06-06,Friday,False,False,June,6,Q2,2025,FY2025
889,2025-06-07,Saturday,True,False,June,6,Q2,2025,FY2025
890,2025-06-08,Sunday,True,False,June,6,Q2,2025,FY2025
891,2025-06-09,Monday,False,False,June,6,Q2,2025,FY2025
892,2025-06-10,Tuesday,False,False,June,6,Q2,2025,FY2025
893,2025-06-11,Wednesday,False,False,June,6,Q2,2025,FY2025
894,2025-06-12,Thursday,False,False,June,6,Q2,2025,FY2025
895,2025-06-13,Friday,False,False,June,6,Q2,2025,FY2025
896,2025-06-14,Saturday,True,False,June,6,Q2,2025,FY2025
897,2025-06-15,Sunday,True,False,June,6,Q2,2025,FY2025
898,2025-06-16,Monday,False,False,June,6,Q2,2025,FY2025
899,2025-06-17,Tuesday,False,False,June,6,Q2,2025,FY2025
900,2025-06-18,Wednesday,False,False,June,6,Q2,2025,FY2025
901,2025-06-19,Thursday,False,False,June,6,Q2,2025,FY2025
902,2025-06-20,Friday,False,False,June,6,Q2,2025,FY2025
903,2025-06-21,Saturday,True,False,June,6,Q2,2025,FY2025
904,2025-06-22,Sunday,True,False,June,6,Q2,2025,FY2025
905,2025-06-23,Monday,False,False,June,6,Q2,2025,FY2025
906,2025-06-24,Tuesday,False,False,June,6,Q2,2025,FY2025
907,2025-06-25,Wednesday,False,False,June,6,Q2,2025,FY2025
908,2025-06-26,Thursday,False,False,June,6,Q2,2025,FY2025
909,2025-06-27,Friday,False,False,June,6,Q2,2025,FY2025
910,2025-06-28,Saturday,True,False,June,6,Q2,2025,FY2025
911,2025-06-29,Sunday,True,False,June,6,Q2,2025,FY2025
912,2025-06-30,Monday,False,False,June,6,Q2,2025,FY2025
913,2025-07-01,Tuesday,False,False,July,7,Q3,2025,FY2025
914,2025-07-02,Wednesday,False,False,July,7,Q3,2025,FY2025
915,2025-07-03,Thursday,False,False,July,7,Q3,2025,FY2025
916,2025-07-04,Friday,False,False,July,7,Q3,2025,FY2025
917,2025-07-05,Saturday,True,False,July,7,Q3,2025,FY2025
918,2025-07-06,Sunday,True,False,July,7,Q3,2025,FY2025
919,2025-07-07,Monday,False,False,July,7,Q3,2025,FY2025
920,2025-07-08,Tuesday,False,False,July,7,Q3,2025,FY2025
921,2025-07-09,Wednesday,False,False,July,7,Q3,2025,FY2025
922,2025-07-10,Thursday,False,False,July,7,Q3,2025,FY2025
923,2025-07-11,Friday,False,False,July,7,Q3,2025,FY2025
924,2025-07-12,Saturday,True,False,July,7,Q3,2025,FY2025
925,2025-07-13,Sunday,True,False,July,7,Q3,2025,FY2025
926,2025-07-14,Monday,False,False,July,7,Q3,2025,FY2025
927,2025-07-15,Tuesday,False,False,July,7,Q3,2025,FY2025
928,2025-07-16,Wednesday,False,False,July,7,Q3,2025,FY2025
929,2025-07-17,Thursday,False,False,July,7,Q3,2025,FY2025
930,2025-07-18,Friday,False,False,July,7,Q3,2025,FY2025
931,2025-07-19,Saturday,True,False,July,7,Q3,2025,FY2025
932,2025-07-20,Sunday,True,False,July,7,Q3,2025,FY2025
933,2025-07-21,Monday,False,False,July,7,Q3,2025,FY2025
934,2025-07-22,Tuesday,False,False,July,7,Q3,2025,FY2025
935,2025-07-23,Wednesday,False,False,July,7,Q3,2025,FY2025
936,2025-07-24,Thursday,False,False,July,7,Q3,2025,FY2025
937,2025-07-25,Friday,False,False,July,7,Q3,2025,FY2025
938,2025-07-26,Saturday,True,False,July,7,Q3,2025,FY2025
939,2025-07-27,Sunday,True,False,July,7,Q3,2025,FY2025
940,2025-07-28,Monday,False,False,July,7,Q3,2025,FY2025
941,2025-07-29,Tuesday,False,False,July,7,Q3,2025,FY2025
942,2025-07-30,Wednesday,False,False,July,7,Q3,2025,FY2025
943,2025-07-31,Thursday,False,False,July,7,Q3,2025,FY2025
944,2025-08-01,Friday,False,False,August,8,Q3,2025,FY2025
945,2025-08-02,Saturday,True,False,August,8,Q3,2025,FY2025
946,2025-08-03,Sunday,True,False,August,8,Q3,2025,FY2025
947,2025-08-04,Monday,False,False,August,8,Q3,2025,FY2025
948,2025-08-05,Tuesday,False,False,August,8,Q3,2025,FY2025
949,2025-08-06,Wednesday,False,False,August,8,Q3,2025,FY2025
950,2025-08-07,Thursday,False,False,August,8,Q3,2025,FY2025
951,2025-08-08,Friday,False,False,August,8,Q3,2025,FY2025
952,2025-08-09,Saturday,True,False,August,8,Q3,2025,FY2025
953,2025-08-10,Sunday,True,False,August,8,Q3,2025,FY2025
954,2025-08-11,Monday,False,False,August,8,Q3,2025,FY2025
955,2025-08-12,Tuesday,False,False,August,8,Q3,2025,FY2025
956,2025-08-13,Wednesday,False,False,August,8,Q3,2025,FY2025
957,2025-08-14,Thursday,False,False,August,8,Q3,2025,FY2025
958,2025-08-15,Friday,False,False,August,8,Q3,2025,FY2025
959,2025-08-16,Saturday,True,False,August,8,Q3,2025,FY2025
960,2025-08-17,Sunday,True,False,August,8,Q3,2025,FY2025
961,2025-08-18,Monday,False,False,August,8,Q3,2025,FY2025
962,2025-08-19,Tuesday,False,False,August,8,Q3,2025,FY2025
963,2025-08-20,Wednesday,False,False,August,8,Q3,2025,FY2025
964,2025-08-21,Thursday,False,False,August,8,Q3,2025,FY2025
965,2025-08-22,Friday,False,False,August,8,Q3,2025,FY2025
966,2025-08-23,Saturday,True,False,August,8,Q3,2025,FY2025
967,2025-08-24,Sunday,True,False,August,8,Q3,2025,FY2025
968,2025-08-25,Monday,False,False,August,8,Q3,2025,FY2025
969,2025-08-26,Tuesday,False,False,August,8,Q3,2025,FY2025
970,2025-08-27,Wednesday,False,False,August,8,Q3,2025,FY2025
971,2025-08-28,Thursday,False,False,August,8,Q3,2025,FY2025
972,2025-08-29,Friday,False,False,August,8,Q3,2025,FY2025
973,2025-08-30,Saturday,True,False,August,8,Q3,2025,FY2025
974,2025-08-31,Sunday,True,False,August,8,Q3,2025,FY2025
975,2025-09-01,Monday,False,False,September,9,Q3,2025,FY2025
976,2025-09-02,Tuesday,False,False,September,9,Q3,2025,FY2025
977,2025-09-03,Wednesday,False,False,September,9,Q3,2025,FY2025
978,2025-09-04,Thursday,False,False,September,9,Q3,2025,FY2025
979,2025-09-05,Friday,False,False,September,9,Q3,2025,FY2025
980,2025-09-06,Saturday,True,False,September,9,Q3,2025,FY2025
981,2025-09-07,Sunday,True,False,September,9,Q3,2025,FY2025
982,2025-09-08,Monday,False,False,September,9,Q3,2025,FY2025
983,2025-09-09,Tuesday,False,False,September,9,Q3,2025,FY2025
984,2025-09-10,Wednesday,False,False,September,9,Q3,2025,FY2025
985,2025-09-11,Thursday,False,False,September,9,Q3,2025,FY2025
986,2025-09-12,Friday,False,False,September,9,Q3,2025,FY2025
987,2025-09-13,Saturday,True,False,September,9,Q3,2025,FY2025
988,2025-09-14,Sunday,True,False,September,9,Q3,2025,FY2025
989,2025-09-15,Monday,False,False,September,9,Q3,2025,FY2025
990,2025-09-16,Tuesday,False,False,September,9,Q3,2025,FY2025
991,2025-09-17,Wednesday,False,False,September,9,Q3,2025,FY2025
992,2025-09-18,Thursday,False,False,September,9,Q3,2025,FY2025
993,2025-09-19,Friday,False,False,September,9,Q3,2025,FY2025
994,2025-09-20,Saturday,True,False,September,9,Q3,2025,FY2025
995,2025-09-21,Sunday,True,False,September,9,Q3,2025,FY2025
996,2025-09-22,Monday,False,False,September,9,Q3,2025,FY2025
997,2025-09-23,Tuesday,False,False,September,9,Q3,2025,FY2025
998,2025-09-24,Wednesday,False,False,September,9,Q3,2025,FY2025
999,2025-09-25,Thursday,False,False,September,9,Q3,2025,FY2025
1000,2025-09-26,Friday,False,False,September,9,Q3,2025,FY2025
1001,2025-09-27,Saturday,True,False,September,9,Q3,2025,FY2025
1002,2025-09-28,Sunday,True,False,September,9,Q3,2025,FY2025
1003,2025-09-29,Monday,False,False,September,9,Q3,2025,FY2025
1004,2025-09-30,Tuesday,False,False,September,9,Q3,2025,FY2025
1005,2025-10-01,Wednesday,False,False,October,10,Q4,2025,FY2025
1006,2025-10-02,Thursday,False,False,October,10,Q4,2025,FY2025
1007,2025-10-03,Friday,False,True,October,10,Q4,2025,FY2025
1008,2025-10-04,Saturday,True,False,October,10,Q4,2025,FY2025
1009,2025-10-05,Sunday,True,False,October,10,Q4,2025,FY2025
1010,2025-10-06,Monday,False,False,October,10,Q4,2025,FY2025
1011,2025-10-07,Tuesday,False,False,October,10,Q4,2025,FY2025
1012,2025-10-08,Wednesday,False,False,October,10,Q4,2025,FY2025
1013,2025-10-09,Thursday,False,False,October,10,Q4,2025,FY2025
1014,2025-10-10,Friday,False,False,October,10,Q4,2025,FY2025
1015,2025-10-11,Saturday,True,False,October,10,Q4,2025,FY2025
1016,2025-10-12,Sunday,True,False,October,10,Q4,2025,FY2025
1017,2025-10-13,Monday,False,False,October,10,Q4,2025,FY2025
1018,2025-10-14,Tuesday,False,False,October,10,Q4,2025,FY2025
1019,2025-10-15,Wednesday,False,False,October,10,Q4,2025,FY2025
1020,2025-10-16,Thursday,False,False,October,10,Q4,2025,FY2025
1021,2025-10-17,Friday,False,False,October,10,Q4,2025,FY2025
1022,2025-10-18,Saturday,True,False,October,10,Q4,2025,FY2025
1023,2025-10-19,Sunday,True,False,October,10,Q4,2025,FY2025
1024,2025-10-20,Monday,False,False,October,10,Q4,2025,FY2025
1025,2025-10-21,Tuesday,False,False,October,10,Q4,2025,FY2025
1026,2025-10-22,Wednesday,False,False,October,10,Q4,2025,FY2025
1027,2025-10-23,Thursday,False,False,October,10,Q4,2025,FY2025
1028,2025-10-24,Friday,False,False,October,10,Q4,2025,FY2025
1029,2025-10-25,Saturday,True,False,October,10,Q4,2025,FY2025
1030,2025-10-26,Sunday,True,False,October,10,Q4,2025,FY2025
1031,2025-10-27,Monday,False,False,October,10,Q4,2025,FY2025
1032,2025-10-28,Tuesday,False,False,October,10,Q4,2025,FY2025
1033,2025-10-29,Wednesday,False,False,October,10,Q4,2025,FY2025
1034,2025-10-30,Thursday,False,False,October,10,Q4,2025,FY2025
1035,2025-10-31,Friday,False,False,October,10,Q4,2025,FY2025
1036,2025-11-01,Saturday,True,False,November,11,Q4,2025,FY2025
1037,2025-11-02,Sunday,True,False,November,11,Q4,2025,FY2025
1038,2025-11-03,Monday,False,False,November,11,Q4,2025,FY2025
1039,2025-11-04,Tuesday,False,False,November,11,Q4,2025,FY2025
1040,2025-11-05,Wednesday,False,False,November,11,Q4,2025,FY2025
1041,2025-11-06,Thursday,False,False,November,11,Q4,2025,FY2025
1042,2025-11-07,Friday,False,False,November,11,Q4,2025,FY2025
1043,2025-11-08,Saturday,True,False,November,11,Q4,2025,FY2025
1044,2025-11-09,Sunday,True,False,November,11,Q4,2025,FY2025
1045,2025-11-10,Monday,False,False,November,11,Q4,2025,FY2025
1046,2025-11-11,Tuesday,False,False,November,11,Q4,2025,FY2025
1047,2025-11-12,Wednesday,False,False,November,11,Q4,2025,FY2025
1048,2025-11-13,Thursday,False,False,November,11,Q4,2025,FY2025
1049,2025-11-14,Friday,False,False,November,11,Q4,2025,FY2025
1050,2025-11-15,Saturday,True,False,November,11,Q4,2025,FY2025
1051,2025-11-16,Sunday,True,False,November,11,Q4,2025,FY2025
1052,2025-11-17,Monday,False,False,November,11,Q4,2025,FY2025
1053,2025-11-18,Tuesday,False,False,November,11,Q4,2025,FY2025
1054,2025-11-19,Wednesday,False,False,November,11,Q4,2025,FY2025
1055,2025-11-20,Thursday,False,False,November,11,Q4,2025,FY2025
1056,2025-11-21,Friday,False,False,November,11,Q4,2025,FY2025
1057,2025-11-22,Saturday,True,False,November,11,Q4,2025,FY2025
1058,2025-11-23,Sunday,True,False,November,11,Q4,2025,FY2025
1059,2025-11-24,Monday,False,False,November,11,Q4,2025,FY2025
1060,2025-11-25,Tuesday,False,False,November,11,Q4,2025,FY2025
1061,2025-11-26,Wednesday,False,False,November,11,Q4,2025,FY2025
1062,2025-11-27,Thursday,False,False,November,11,Q4,2025,FY2025
1063,2025-11-28,Friday,False,False,November,11,Q4,2025,FY2025
1064,2025-11-29,Saturday,True,False,November,11,Q4,2025,FY2025
1065,2025-11-30,Sunday,True,False,November,11,Q4,2025,FY2025
1066,2025-12-01,Monday,False,False,December,12,Q4,2025,FY2025
1067,2025-12-02,Tuesday,False,False,December,12,Q4,2025,FY2025
1068,2025-12-03,Wednesday,False,False,December,12,Q4,2025,FY2025
1069,2025-12-04,Thursday,False,False,December,12,Q4,2025,FY2025
1070,2025-12-05,Friday,False,False,December,12,Q4,2025,FY2025
1071,2025-12-06,Saturday,True,False,December,12,Q4,2025,FY2025
1072,2025-12-07,Sunday,True,False,December,12,Q4,2025,FY2025
1073,2025-12-08,Monday,False,False,December,12,Q4,2025,FY2025
1074,2025-12-09,Tuesday,False,False,December,12,Q4,2025,FY2025
1075,2025-12-10,Wednesday,False,False,December,12,Q4,2025,FY2025
1076,2025-12-11,Thursday,False,False,December,12,Q4,2025,FY2025
1077,2025-12-12,Friday,False,False,December,12,Q4,2025,FY2025
1078,2025-12-13,Saturday,True,False,December,12,Q4,2025,FY2025
1079,2025-12-14,Sunday,True,False,December,12,Q4,2025,FY2025
1080,2025-12-15,Monday,False,False,December,12,Q4,2025,FY2025
1081,2025-12-16,Tuesday,False,False,December,12,Q4,2025,FY2025
1082,2025-12-17,Wednesday,False,False,December,12,Q4,2025,FY2025
1083,2025-12-18,Thursday,False,False,December,12,Q4,2025,FY2025
1084,2025-12-19,Friday,False,False,December,12,Q4,2025,FY2025
1085,2025-12-20,Saturday,True,False,December,12,Q4,2025,FY2025
1086,2025-12-21,Sunday,True,False,December,12,Q4,2025,FY2025
1087,2025-12-22,Monday,False,False,December,12,Q4,2025,FY2025
1088,2025-12-23,Tuesday,False,False,December,12,Q4,2025,FY2025
1089,2025-12-24,Wednesday,False,False,December,12,Q4,2025,FY2025
1090,2025-12-25,Thursday,False,True,December,12,Q4,2025,FY2025
1091,2025-12-26,Friday,False,True,December,12,Q4,2025,FY2025
1092,2025-12-27,Saturday,True,False,December,12,Q4,2025,FY2025
1093,2025-12-28,Sunday,True,False,December,12,Q4,2025,FY2025
1094,2025-12-29,Monday,False,False,December,12,Q4,2025,FY2025
1095,2025-12-30,Tuesday,False,False,December,12,Q4,2025,FY2025
1096,2025-12-31,Wednesday,False,False,December,12,Q4,2025,FY2025
1097,2026-01-01,Thursday,False,True,January,1,Q1,2026,FY2026
1098,2026-01-02,Friday,False,False,January,1,Q1,2026,FY2026
1099,2026-01-03,Saturday,True,False,January,1,Q1,2026,FY2026
1100,2026-01-04,Sunday,True,False,January,1,Q1,2026,FY2026
1101,2026-01-05,Monday,False,False,January,1,Q1,2026,FY2026
1102,2026-01-06,Tuesday,False,False,January,1,Q1,2026,FY2026
1103,2026-01-07,Wednesday,False,False,January,1,Q1,2026,FY2026
1104,2026-01-08,Thursday,False,False,January,1,Q1,2026,FY2026
1105,2026-01-09,Friday,False,False,January,1,Q1,2026,FY2026
1106,2026-01-10,Saturday,True,False,January,1,Q1,2026,FY2026
1107,2026-01-11,Sunday,True,False,January,1,Q1,2026,FY2026
1108,2026-01-12,Monday,False,False,January,1,Q1,2026,FY2026
1109,2026-01-13,Tuesday,False,False,January,1,Q1,2026,FY2026
1110,2026-01-14,Wednesday,False,False,January,1,Q1,2026,FY2026
1111,2026-01-15,Thursday,False,False,January,1,Q1,2026,FY2026
1112,2026-01-16,Friday,False,False,January,1,Q1,2026,FY2026
1113,2026-01-17,Saturday,True,False,January,1,Q1,2026,FY2026
1114,2026-01-18,Sunday,True,False,January,1,Q1,2026,FY2026
1115,2026-01-19,Monday,False,False,January,1,Q1,2026,FY2026
1116,2026-01-20,Tuesday,False,False,January,1,Q1,2026,FY2026
1117,2026-01-21,Wednesday,False,False,January,1,Q1,2026,FY2026
1118,2026-01-22,Thursday,False,False,January,1,Q1,2026,FY2026
1119,2026-01-23,Friday,False,False,January,1,Q1,2026,FY2026
1120,2026-01-24,Saturday,True,False,January,1,Q1,2026,FY2026
1121,2026-01-25,Sunday,True,False,January,1,Q1,2026,FY2026
1122,2026-01-26,Monday,False,False,January,1,Q1,2026,FY2026
1123,2026-01-27,Tuesday,False,False,January,1,Q1,2026,FY2026
1124,2026-01-28,Wednesday,False,False,January,1,Q1,2026,FY2026
1125,2026-01-29,Thursday,False,False,January,1,Q1,2026,FY2026
1126,2026-01-30,Friday,False,False,January,1,Q1,2026,FY2026
1127,2026-01-31,Saturday,True,False,January,1,Q1,2026,FY2026
1128,2026-02-01,Sunday,True,False,February,2,Q1,2026,FY2026
1129,2026-02-02,Monday,False,False,February,2,Q1,2026,FY2026
1130,2026-02-03,Tuesday,False,False,February,2,Q1,2026,FY2026
1131,2026-02-04,Wednesday,False,False,February,2,Q1,2026,FY2026
1132,2026-02-05,Thursday,False,False,February,2,Q1,2026,FY2026
1133,2026-02-06,Friday,False,False,February,2,Q1,2026,FY2026
1134,2026-02-07,Saturday,True,False,February,2,Q1,2026,FY2026
1135,2026-02-08,Sunday,True,False,February,2,Q1,2026,FY2026
1136,2026-02-09,Monday,False,False,February,2,Q1,2026,FY2026
1137,2026-02-10,Tuesday,False,False,February,2,Q1,2026,FY2026
1138,2026-02-11,Wednesday,False,False,February,2,Q1,2026,FY2026
1139,2026-02-12,Thursday,False,False,February,2,Q1,2026,FY2026
1140,2026-02-13,Friday,False,False,February,2,Q1,2026,FY2026
1141,2026-02-14,Saturday,True,False,February,2,Q1,2026,FY2026
1142,2026-02-15,Sunday,True,False,February,2,Q1,2026,FY2026
1143,2026-02-16,Monday,False,False,February,2,Q1,2026,FY2026
1144,2026-02-17,Tuesday,False,False,February,2,Q1,2026,FY2026
1145,2026-02-18,Wednesday,False,False,February,2,Q1,2026,FY2026
1146,2026-02-19,Thursday,False,False,February,2,Q1,2026,FY2026
1147,2026-02-20,Friday,False,False,February,2,Q1,2026,FY2026
1148,2026-02-21,Saturday,True,False,February,2,Q1,2026,FY2026
1149,2026-02-22,Sunday,True,False,February,2,Q1,2026,FY2026
1150,2026-02-23,Monday,False,False,February,2,Q1,2026,FY2026
1151,2026-02-24,Tuesday,False,False,February,2,Q1,2026,FY2026
1152,2026-02-25,Wednesday,False,False,February,2,Q1,2026,FY2026
1153,2026-02-26,Thursday,False,False,February,2,Q1,2026,FY2026
1154,2026-02-27,Friday,False,False,February,2,Q1,2026,FY2026
1155,2026-02-28,Saturday,True,False,February,2,Q1,2026,FY2026
1156,2026-03-01,Sunday,True,False,March,3,Q1,2026,FY2026
1157,2026-03-02,Monday,False,False,March,3,Q1,2026,FY2026
1158,2026-03-03,Tuesday,False,False,March,3,Q1,2026,FY2026
1159,2026-03-04,Wednesday,False,False,March,3,Q1,2026,FY2026
1160,2026-03-05,Thursday,False,False,March,3,Q1,2026,FY2026
1161,2026-03-06,Friday,False,False,March,3,Q1,2026,FY2026
1162,2026-03-07,Saturday,True,False,March,3,Q1,2026,FY2026
1163,2026-03-08,Sunday,True,False,March,3,Q1,2026,FY2026
1164,2026-03-09,Monday,False,False,March,3,Q1,2026,FY2026
1165,2026-03-10,Tuesday,False,False,March,3,Q1,2026,FY2026
1166,2026-03-11,Wednesday,False,False,March,3,Q1,2026,FY2026
1167,2026-03-12,Thursday,False,False,March,3,Q1,2026,FY2026
1168,2026-03-13,Friday,False,False,March,3,Q1,2026,FY2026
1169,2026-03-14,Saturday,True,False,March,3,Q1,2026,FY2026
1170,2026-03-15,Sunday,True,False,March,3,Q1,2026,FY2026
1171,2026-03-16,Monday,False,False,March,3,Q1,2026,FY2026
1172,2026-03-17,Tuesday,False,False,March,3,Q1,2026,FY2026
1173,2026-03-18,Wednesday,False,False,March,3,Q1,2026,FY2026
1174,2026-03-19,Thursday,False,False,March,3,Q1,2026,FY2026
1175,2026-03-20,Friday,False,False,March,3,Q1,2026,FY2026
1176,2026-03-21,Saturday,True,False,March,3,Q1,2026,FY2026
1177,2026-03-22,Sunday,True,False,March,3,Q1,2026,FY2026
1178,2026-03-23,Monday,False,False,March,3,Q1,2026,FY2026
1179,2026-03-24,Tuesday,False,False,March,3,Q1,2026,FY2026
1180,2026-03-25,Wednesday,False,False,March,3,Q1,2026,FY2026
1181,2026-03-26,Thursday,False,False,March,3,Q1,2026,FY2026
1182,2026-03-27,Friday,False,False,March,3,Q1,2026,FY2026
1183,2026-03-28,Saturday,True,False,March,3,Q1,2026,FY2026
1184,2026-03-29,Sunday,True,False,March,3,Q1,2026,FY2026
1185,2026-03-30,Monday,False,False,March,3,Q1,2026,FY2026
1186,2026-03-31,Tuesday,False,False,March,3,Q1,2026,FY2026
1187,2026-04-01,Wednesday,False,False,April,4,Q2,2026,FY2026
1188,2026-04-02,Thursday,False,False,April,4,Q2,2026,FY2026
1189,2026-04-03,Friday,False,False,April,4,Q2,2026,FY2026
1190,2026-04-04,Saturday,True,False,April,4,Q2,2026,FY2026
1191,2026-04-05,Sunday,True,False,April,4,Q2,2026,FY2026
1192,2026-04-06,Monday,False,False,April,4,Q2,2026,FY2026
1193,2026-04-07,Tuesday,False,False,April,4,Q2,2026,FY2026
1194,2026-04-08,Wednesday,False,False,April,4,Q2,2026,FY2026
1195,2026-04-09,Thursday,False,False,April,4,Q2,2026,FY2026
1196,2026-04-10,Friday,False,False,April,4,Q2,2026,FY2026
1197,2026-04-11,Saturday,True,False,April,4,Q2,2026,FY2026
1198,2026-04-12,Sunday,True,False,April,4,Q2,2026,FY2026
1199,2026-04-13,Monday,False,False,April,4,Q2,2026,FY2026
1200,2026-04-14,Tuesday,False,False,April,4,Q2,2026,FY2026
1201,2026-04-15,Wednesday,False,False,April,4,Q2,2026,FY2026
1202,2026-04-16,Thursday,False,False,April,4,Q2,2026,FY2026
1203,2026-04-17,Friday,False,False,April,4,Q2,2026,FY2026
1204,2026-04-18,Saturday,True,False,April,4,Q2,2026,FY2026
1205,2026-04-19,Sunday,True,False,April,4,Q2,2026,FY2026
1206,2026-04-20,Monday,False,False,April,4,Q2,2026,FY2026
1207,2026-04-21,Tuesday,False,False,April,4,Q2,2026,FY2026
1208,2026-04-22,Wednesday,False,False,April,4,Q2,2026,FY2026
1209,2026-04-23,Thursday,False,False,April,4,Q2,2026,FY2026
1210,2026-04-24,Friday,False,False,April,4,Q2,2026,FY2026
1211,2026-04-25,Saturday,True,False,April,4,Q2,2026,FY2026
1212,2026-04-26,Sunday,True,False,April,4,Q2,2026,FY2026
1213,2026-04-27,Monday,False,False,April,4,Q2,2026,FY2026
1214,2026-04-28,Tuesday,False,False,April,4,Q2,2026,FY2026
1215,2026-04-29,Wednesday,False,False,April,4,Q2,2026,FY2026
1216,2026-04-30,Thursday,False,False,April,4,Q2,2026,FY2026
1217,2026-05-01,Friday,False,False,May,5,Q2,2026,FY2026
1218,2026-05-02,Saturday,True,False,May,5,Q2,2026,FY2026
1219,2026-05-03,Sunday,True,False,May,5,Q2,2026,FY2026
1220,2026-05-04,Monday,False,False,May,5,Q2,2026,FY2026
1221,2026-05-05,Tuesday,False,False,May,5,Q2,2026,FY2026
1222,2026-05-06,Wednesday,False,False,May,5,Q2,2026,FY2026
1223,2026-05-07,Thursday,False,False,May,5,Q2,2026,FY2026
1224,2026-05-08,Friday,False,False,May,5,Q2,2026,FY2026
1225,2026-05-09,Saturday,True,False,May,5,Q2,2026,FY2026
1226,2026-05-10,Sunday,True,False,May,5,Q2,2026,FY2026
1227,2026-05-11,Monday,False,False,May,5,Q2,2026,FY2026
1228,2026-05-12,Tuesday,False,False,May,5,Q2,2026,FY2026
1229,2026-05-13,Wednesday,False,False,May,5,Q2,2026,FY2026
1230,2026-05-14,Thursday,False,False,May,5,Q2,2026,FY2026
1231,2026-05-15,Friday,False,False,May,5,Q2,2026,FY2026
1232,2026-05-16,Saturday,True,False,May,5,Q2,2026,FY2026
1233,2026-05-17,Sunday,True,False,May,5,Q2,2026,FY2026
1234,2026-05-18,Monday,False,False,May,5,Q2,2026,FY2026
1235,2026-05-19,Tuesday,False,False,May,5,Q2,2026,FY2026
1236,2026-05-20,Wednesday,False,False,May,5,Q2,2026,FY2026
1237,2026-05-21,Thursday,False,False,May,5,Q2,2026,FY2026
1238,2026-05-22,Friday,False,False,May,5,Q2,2026,FY2026
1239,2026-05-23,Saturday,True,False,May,5,Q2,2026,FY2026
1240,2026-05-24,Sunday,True,False,May,5,Q2,2026,FY2026
1241,2026-05-25,Monday,False,False,May,5,Q2,2026,FY2026
1242,2026-05-26,Tuesday,False,False,May,5,Q2,2026,FY2026
1243,2026-05-27,Wednesday,False,False,May,5,Q2,2026,FY2026
1244,2026-05-28,Thursday,False,False,May,5,Q2,2026,FY2026
1245,2026-05-29,Friday,False,False,May,5,Q2,2026,FY2026
1246,2026-05-30,Saturday,True,False,May,5,Q2,2026,FY2026
1247,2026-05-31,Sunday,True,False,May,5,Q2,2026,FY2026
1248,2026-06-01,Monday,False,False,June,6,Q2,2026,FY2026
1249,2026-06-02,Tuesday,False,False,June,6,Q2,2026,FY2026
1250,2026-06-03,Wednesday,False,False,June,6,Q2,2026,FY2026
1251,2026-06-04,Thursday,False,False,June,6,Q2,2026,FY2026
1252,2026-06-05,Friday,False,False,June,6,Q2,2026,FY2026
1253,2026-06-06,Saturday,True,False,June,6,Q2,2026,FY2026
1254,2026-06-07,Sunday,True,False,June,6,Q2,2026,FY2026
1255,2026-06-08,Monday,False,False,June,6,Q2,2026,FY2026
1256,2026-06-09,Tuesday,False,False,June,6,Q2,2026,FY2026
1257,2026-06-10,Wednesday,False,False,June,6,Q2,2026,FY2026
1258,2026-06-11,Thursday,False,False,June,6,Q2,2026,FY2026
1259,2026-06-12,Friday,False,False,June,6,Q2,2026,FY2026
1260,2026-06-13,Saturday,True,False,June,6,Q2,2026,FY2026
1261,2026-06-14,Sunday,True,False,June,6,Q2,2026,FY2026
1262,2026-06-15,Monday,False,False,June,6,Q2,2026,FY2026
1263,2026-06-16,Tuesday,False,False,June,6,Q2,2026,FY2026
1264,2026-06-17,Wednesday,False,False,June,6,Q2,2026,FY2026
1265,2026-06-18,Thursday,False,False,June,6,Q2,2026,FY2026
1266,2026-06-19,Friday,False,False,June,6,Q2,2026,FY2026
1267,2026-06-20,Saturday,True,False,June,6,Q2,2026,FY2026
1268,2026-06-21,Sunday,True,False,June,6,Q2,2026,FY2026
1269,2026-06-22,Monday,False,False,June,6,Q2,2026,FY2026
1270,2026-06-23,Tuesday,False,False,June,6,Q2,2026,FY2026
1271,2026-06-24,Wednesday,False,False,June,6,Q2,2026,FY2026
1272,2026-06-25,Thursday,False,False,June,6,Q2,2026,FY2026
1273,2026-06-26,Friday,False,False,June,6,Q2,2026,FY2026
1274,2026-06-27,Saturday,True,False,June,6,Q2,2026,FY2026
1275,2026-06-28,Sunday,True,False,June,6,Q2,2026,FY2026
1276,2026-06-29,Monday,False,False,June,6,Q2,2026,FY2026
1277,2026-06-30,Tuesday,False,False,June,6,Q2,2026,FY2026
1278,2026-07-01,Wednesday,False,False,July,7,Q3,2026,FY2026
1279,2026-07-02,Thursday,False,False,July,7,Q3,2026,FY2026
1280,2026-07-03,Friday,False,False,July,7,Q3,2026,FY2026
1281,2026-07-04,Saturday,True,False,July,7,Q3,2026,FY2026
1282,2026-07-05,Sunday,True,False,July,7,Q3,2026,FY2026
1283,2026-07-06,Monday,False,False,July,7,Q3,2026,FY2026
1284,2026-07-07,Tuesday,False,False,July,7,Q3,2026,FY2026
1285,2026-07-08,Wednesday,False,False,July,7,Q3,2026,FY2026
1286,2026-07-09,Thursday,False,False,July,7,Q3,2026,FY2026
1287,2026-07-10,Friday,False,False,July,7,Q3,2026,FY2026
1288,2026-07-11,Saturday,True,False,July,7,Q3,2026,FY2026
1289,2026-07-12,Sunday,True,False,July,7,Q3,2026,FY2026
1290,2026-07-13,Monday,False,False,July,7,Q3,2026,FY2026
1291,2026-07-14,Tuesday,False,False,July,7,Q3,2026,FY2026
1292,2026-07-15,Wednesday,False,False,July,7,Q3,2026,FY2026
1293,2026-07-16,Thursday,False,False,July,7,Q3,2026,FY2026
1294,2026-07-17,Friday,False,False,July,7,Q3,2026,FY2026
1295,2026-07-18,Saturday,True,False,July,7,Q3,2026,FY2026
1296,2026-07-19,Sunday,True,False,July,7,Q3,2026,FY2026
1297,2026-07-20,Monday,False,False,July,7,Q3,2026,FY2026
1298,2026-07-21,Tuesday,False,False,July,7,Q3,2026,FY2026
1299,2026-07-22,Wednesday,False,False,July,7,Q3,2026,FY2026
1300,2026-07-23,Thursday,False,False,July,7,Q3,2026,FY2026
1301,2026-07-24,Friday,False,False,July,7,Q3,2026,FY2026
1302,2026-07-25,Saturday,True,False,July,7,Q3,2026,FY2026
1303,2026-07-26,Sunday,True,False,July,7,Q3,2026,FY2026
1304,2026-07-27,Monday,False,False,July,7,Q3,2026,FY2026
1305,2026-07-28,Tuesday,False,False,July,7,Q3,2026,FY2026
1306,2026-07-29,Wednesday,False,False,July,7,Q3,2026,FY2026
1307,2026-07-30,Thursday,False,False,July,7,Q3,2026,FY2026
1308,2026-07-31,Friday,False,False,July,7,Q3,2026,FY2026
1309,2026-08-01,Saturday,True,False,August,8,Q3,2026,FY2026
